Track URI,Track Name,Album Name,Artist Name(s),Release Date,Duration (ms),Popularity,Explicit,Added By,Added At,Genres,Record Label,Danceability,Energy,Key,Loudness,Mode,Speechiness,Acousticness,Instrumentalness,Liveness,Valence,Tempo,Time Signature
spotify:track:5cMz4MvDCjKQ93OLvNdTD0,"Insensitive Tempo","cut. turn. fade. back.","Hail The Sun",2025-10-24,265079,21,false,,2026-03-12T18:05:50Z,"post-hardcore,math rock,emo,screamo","Rude Records Equal Vision",0.155,0.937,1,-4.613,1,0.135,0.00111,0,0.109,0.303,93.131,3
spotify:track:2ipIPsgrgd0j2beDf4Ki70,"Mystical Magical","American Heart","Benson Boone",2025-06-20,165746,84,false,,2026-03-11T16:52:03Z,"","Night Street Records, Inc./Warner Records Inc.",0.671,0.697,11,-3.851,1,0.116,0.19,0,0.393,0.848,119.867,4
spotify:track:59tskctgqUmjCWAwhzYAFm,"Looking at Me","Singular Act II","Sabrina Carpenter",2019-07-19,181120,75,false,,2026-03-11T11:35:23Z,"pop","Hollywood Records",0.681,0.798,2,-4.367,1,0.0375,0.00398,0.00000511,0.0542,0.516,105.99,4
spotify:track:5PFjKfGf75I3LkKGiReWp5,"Tough Luck","A Matter of Time","Laufey",2025-08-22,192866,67,true,,2026-03-09T17:40:34Z,"","Vingolf Recordings",0.678,0.399,6,-6.96,1,0.0367,0.463,0,0.117,0.233,117.973,4
spotify:track:6WC5fhc9XMaCrUNKNjm9xE,"Thumbs","EVOLution","Sabrina Carpenter",2016-10-14,216466,72,false,,2026-03-09T17:13:29Z,"pop","Hollywood Records",0.73,0.718,8,-3.496,1,0.0478,0.0284,0,0.0892,0.127,135.045,4
spotify:track:1NXbNEAcPvY5G1xvfN57aA,"Dracula","Deadbeat","Tame Impala",2025-10-17,205308,85,true,,2026-03-09T16:18:29Z,"neo-psychedelic,indie","Columbia",0.415,0.731,3,-3.507,0,0.0586,0.0267,0.0000458,0.317,0.612,114.837,4
spotify:track:3PGPfeQTaZgHnmofWYBHSW,"The Barber of Seville: Overture","Rossini - Ouvertures","Gioachino Rossini;Leonard Bernstein;New York Philharmonic",1961,453066,49,false,,2026-02-25T09:31:17Z,"classical,opera,orchestral","Sony Music Media",0.324,0.218,4,-16.495,1,0.0592,0.936,0.684,0.249,0.535,174.556,4
spotify:track:3XeHVrTKlricOyk5VsVKxd,"Breakin' Dishes","Good Girl Gone Bad: Reloaded","Rihanna",2007-03-31,200573,70,false,,2026-02-20T13:32:29Z,"","Def Jam Recordings",0.803,0.677,8,-4.183,0,0.0311,0.000206,0.000106,0.0905,0.894,125.007,4
spotify:track:2hdy9Wt9qp7M7d0U3ossu2,"If U Seek Amy","Circus (Deluxe Version)","Britney Spears",2008-12-02,216519,74,false,,2026-02-20T13:27:12Z,"pop","Jive",0.717,0.587,4,-7.296,0,0.0339,0.0192,0,0.0523,0.544,129.954,4
spotify:track:2EAAYKwJ2N36DfQPHxw3nP,"YOU'RE NEXT","YOU'RE NEXT","Moon Walker",2026-02-13,267376,60,false,,2026-02-13T18:38:44Z,"","Moon Walker",0.538,0.747,4,-8.098,0,0.0298,0.0395,0.00538,0.0841,0.27,105.984,4
spotify:track:2JxftzENN2rhpXxnOmtQBR,"My Prerogative","Greatest Hits: My Prerogative","Britney Spears",2004-11-08,213893,58,false,,2026-02-12T22:08:11Z,"pop","Jive",0.749,0.938,10,-4.423,0,0.118,0.0127,0.00000196,0.103,0.619,111.014,4
spotify:track:52K4Nl7eVNqUpUeJeWJlwT,"Break the Ice","Blackout","Britney Spears",2007-10-25,196043,65,false,,2026-02-11T20:40:56Z,"pop","Jive",0.712,0.911,5,-3.866,0,0.0445,0.689,0.00000802,0.107,0.85,117.533,4
spotify:track:5xohcwt1FZVGBzdfNRMhfp,"Slumber Party","Glory (Deluxe)","Britney Spears",2020-12-11,214080,55,true,,2026-02-11T20:37:06Z,"pop","RCA Records Label",0.733,0.784,9,-7.023,0,0.0715,0.227,0,0.0766,0.455,135.028,4
spotify:track:3MjUtNVVq3C8Fn0MP3zhXa,"...Baby One More Time","...Baby One More Time (Digital Deluxe Version)","Britney Spears",1999-01-12,211066,84,false,,2026-02-11T10:41:00Z,"pop","Jive",0.759,0.699,0,-5.745,0,0.0307,0.202,0.000131,0.443,0.907,92.96,4
spotify:track:7c8EKQLv5ld1uWm1BdGqds,"Shostakovich / Arr. Atovmyan: Suite from the Gadfly, Op. 97a: VIII. Romance","Virtuoso Violin","Dmitri Shostakovich;Tasmin Little;Piers Lane",1992,194266,61,false,,2026-02-10T10:08:10Z,"classical,chamber music,orchestral","Warner Classics",0.113,0.0732,0,-23.21,1,0.0496,0.969,0.772,0.107,0.0379,174.599,4
spotify:track:3C6IhLv7B9VxG8HVp3vaW7,"Violin Concerto No. 4 in D Major, K. 218: II. Andante cantabile","Mozart: Violin Concertos 3, 4 & 5","Wolfgang Amadeus Mozart;Arabella Steinbacher;Lucerne Festival Strings;Daniel Dodds",2014-05-01,461653,35,false,,2026-02-05T11:56:26Z,"classical,opera,classical piano,chamber music,concerto","Pentatone",0.23,0.0653,9,-23.707,1,0.0483,0.971,0.169,0.11,0.199,96.94,4
spotify:track:18ZX6YaDSOopXPRvfIh8DM,"Évidemment","Évidemment","La Zarra",2023-02-19,181000,53,false,,2026-01-20T19:22:42Z,"french pop","Universal Music Division Capitol Music France",0.731,0.743,11,-4.626,1,0.0682,0.116,0,0.0779,0.239,120.01,4
spotify:track:0e00DiF2T9znEdmWakYSC3,"labour","Cacophony","Paris Paloma",2024-08-30,237744,72,true,,2026-01-20T19:00:42Z,"","Nettwerk Music Group",0.649,0.573,11,-10.301,0,0.099,0.383,0.000152,0.354,0.446,83.987,4
spotify:track:0fFvnchgpEzoncJzjpwL2S,"Skyrim Theme (Dragonborn)","Destiny","Celtic Woman",2015-11-06,193733,8,false,,2026-01-14T14:33:16Z,"celtic,classical crossover","Celtic Collections",0.607,0.529,11,-8.909,0,0.0298,0.722,0.00263,0.0596,0.496,100.513,3
spotify:track:2ajUl8lBLAXOXNpG4NEPMz,"Sway","Michael Bublé","Michael Bublé",2003,188066,75,false,,2025-12-25T12:36:59Z,"christmas","143/Reprise",0.713,0.639,2,-5.529,0,0.0313,0.753,0,0.0878,0.737,125.959,4
spotify:track:6QgjcU0zLnzq5OrUoSZ3OK,"Feel It Still","Woodstock","Portugal. The Man",2017-06-16,163253,83,false,,2025-12-22T12:25:04Z,"","Atlantic Records",0.801,0.795,1,-5.115,0,0.0504,0.0417,0.000113,0.0717,0.754,79.028,4
spotify:track:6sGIMrtIzQjdzNndVxe397,"So Easy (To Fall In Love)","The Art of Loving","Olivia Dean",2025-09-26,169000,97,false,,2025-12-22T11:26:54Z,"pop soul","PLG - Capitol",0.749,0.633,3,-5.917,1,0.0373,0.665,0,0.0817,0.572,139.898,4
spotify:track:7yUukIX492jvLR85xYQkvc,"Run","In A Time Lapse","Ludovico Einaudi;I Virtuosi Italiani",2013-01-01,332360,59,false,,2025-12-05T14:36:04Z,"neoclassical,classical,contemporary classical","Decca (UMO) (Classics)",0.336,0.173,11,-14.492,0,0.0477,0.99,0.927,0.076,0.0374,118.564,3
spotify:track:29hVkc2xsdLzgzJZacd2qy,"Czardas - Piano Solo Version","Czardas (Piano Solo Version)","Kassia",2021-11-01,229124,40,false,,2025-11-20T14:54:46Z,"classical piano,classical","Kassia",0.347,0.194,2,-15.798,1,0.0342,0.975,0.913,0.183,0.23,81.097,4
spotify:track:5C9uEZOzH5OLPYvLStDVeM,"Nocturne in D-Flat Major ""Un rêve""","Nocturne in D-Flat Major ""Un rêve""","Eric Christian",2019-08-30,283022,59,false,,2025-11-11T12:20:16Z,"","EVF Entertainment",0.372,0.119,1,-17.25,1,0.0474,0.965,0.839,0.124,0.0684,68.891,4
spotify:track:4VrWlk8IQxevMvERoX08iC,"Chandelier","1000 Forms Of Fear","Sia",2014-07-04,216120,83,false,,2025-11-10T22:33:24Z,"","Monkey Puzzle Records/RCA Records",0.399,0.787,1,-2.88,1,0.0499,0.0197,0.0000607,0.0685,0.572,117.089,5
spotify:track:2Tf3o75XkU0IS06tYgEuvn,"Lust","Lust","Marino;Alexandria",2025-10-14,115294,76,false,,2025-11-08T10:32:02Z,"","broke",0.74,0.535,1,-7.385,0,0.0377,0.522,0,0.268,0.478,106.02,4
spotify:track:0byPyCPX9mfGMiAGVZxasq,"Carol Of The Bells","Warmer In The Winter (Deluxe Edition)","Lindsey Stirling",2018-10-19,166093,67,false,,2025-11-04T08:41:11Z,"classical crossover,christmas","Concord Records",0.227,0.66,4,-5.993,0,0.0759,0.0274,0.000538,0.0787,0.27,167.956,3
spotify:track:7uoFMmxln0GPXQ0AcCBXRq,"Snowman","Everyday Is Christmas (Deluxe Edition)","Sia",2018-11-01,165900,79,false,,2025-11-04T08:38:17Z,"","Monkey Puzzle/Atlantic",0.717,0.524,1,-6.222,1,0.0331,0.426,0,0.0932,0.339,104.953,3
spotify:track:3gVhsZtseYtY1fMuyYq06F,"Sonne","Mutter","Rammstein",2001-04-02,272440,79,false,,2025-10-31T23:21:13Z,"industrial metal,metal,industrial rock,industrial","Vertigo Berlin",0.51,0.917,4,-4.806,0,0.0854,0.0054,0.000133,0.396,0.313,75.098,4
spotify:track:4VoSYq3aTp57jgrdNswzrd,"Necromancin Dancin","Blasterpiece","Bear Ghost",2016-02-18,227741,57,false,,2025-10-29T19:08:45Z,"","Bear Ghost",0.56,0.885,4,-5.497,0,0.0867,0.000469,0,0.119,0.806,154.006,4
spotify:track:73MWNenV7mQGUdXB8npY4H,"The Fine Print","The Fine Print (The Outer Worlds Song)","The Stupendium",2019-12-02,274285,61,false,,2025-10-29T17:22:25Z,"","971973 Records DK",0.764,0.905,0,-4.114,1,0.194,0.293,0,0.584,0.772,91.047,4
spotify:track:1oAwsWBovWRIp7qLMGPIet,"Apocalypse","Cigarettes After Sex","Cigarettes After Sex",2017-06-09,290146,89,false,,2025-10-25T23:04:15Z,"dream pop","Partisan Records",0.369,0.467,5,-9.018,1,0.0274,0.0194,0.46,0.109,0.174,94.473,4
spotify:track:1n7xFAY4xoPeqRvrkzAtsw,"Good Old-Fashioned Lover Boy - Remastered 2011","A Day At The Races (Deluxe Edition 2011 Remaster)","Queen",1976-12-10,173173,68,false,,2025-10-25T22:38:49Z,"classic rock,rock,glam rock","EMI",0.543,0.461,3,-6.724,1,0.0302,0.577,0,0.0563,0.385,96.803,4
spotify:track:6dBUzqjtbnIa1TwYbyw5CM,"Lovers Rock","French Exit","TV Girl",2014-06-05,213920,87,false,,2025-10-25T22:28:15Z,"","TV Girl",0.559,0.871,5,-5.338,0,0.0397,0.00000753,0.00545,0.096,0.572,104.97,4
spotify:track:071uK6V3dKj3BMNNzTEyRu,"Fantastic (from the series Arcane League of Legends)","Arcane League of Legends: Season 2 (Soundtrack from the Animated Series)","Arcane;King Princess",2024-11-23,184960,66,true,,2025-10-25T22:26:34Z,"score","Riot Games",0.555,0.636,5,-6.569,1,0.0271,0.00435,0.000674,0.153,0.286,106.003,4
spotify:track:7FM4XWxl4sZe8Yq5Zg6lsn,"Folk Rush","Folk Rush","Anya Nami",2025-08-15,140904,58,false,,2025-10-24T13:30:57Z,"","broke",0.483,0.708,4,-6.214,0,0.131,0.656,0,0.576,0.665,135.537,4
spotify:track:1isVrkXme1s5XbPYGfawzV,"Put Your Money Where Your Mouth Is","Put Your Money Where Your Mouth Is","Ella Red",2023-05-26,164746,58,true,,2025-10-24T13:22:19Z,"","Nettwerk Music Group",0.725,0.64,9,-6.721,0,0.026,0.178,0,0.082,0.551,91.98,4
spotify:track:03p1bgcOw398mneQ9H8891,"as good a reason","Cacophony","Paris Paloma",2024-08-30,169721,61,false,,2025-10-24T13:19:57Z,"","Nettwerk Music Group",0.658,0.766,10,-5.463,0,0.0438,0.0998,0,0.118,0.446,103.973,4
spotify:track:5IL3Fivumoc4WwhZKOBnh9,"Waltz of Cecilia","Peaceful Solitude","Teesa",2021-02-16,190239,55,false,,2025-10-22T08:12:42Z,"","2027087 Records DK",0.29,0.0566,9,-29.231,1,0.0387,0.982,0.796,0.145,0.115,184.798,3
spotify:track:6cx5CvFhqN19efStehJqoW,"Valentine","Everything I Know About Love","Laufey",2022-08-26,168906,78,false,,2025-10-18T10:03:03Z,"","Laufey",0.472,0.204,3,-13.065,1,0.0452,0.917,0,0.107,0.224,82.51,4
spotify:track:6IPwKM3fUUzlElbvKw2sKl,"we fell in love in october","we fell in love in october / October Passed Me By","girl in red",2018-11-21,184153,85,false,,2025-10-18T09:53:02Z,"bedroom pop","world in red",0.566,0.366,7,-12.808,1,0.028,0.113,0.181,0.155,0.237,129.96,4
spotify:track:55lijDD6OAjLFFUHU9tcDm,"WHERE IS MY HUSBAND!","WHERE IS MY HUSBAND!","RAYE",2025-09-19,196795,96,false,,2025-10-15T08:07:46Z,"","Human Re Sources",0.39,0.781,8,-7.04,1,0.0918,0.0599,0,0.14,0.628,115.939,4
spotify:track:0Eb6Iah5xrwJDEo7QqFzYn,"Blight","Relapse Is A Love Affair","Hail The Sun",2025-10-08,181884,4,false,,2025-10-14T10:33:02Z,"post-hardcore,math rock,emo,screamo","Rude Records Equal Vision",0.222,0.934,5,-5.211,0,0.212,0.0000945,0.00028,0.468,0.13,142.66,3
spotify:track:5QEXMk2eWdIPPj6fXPqEjw,"Insensitive Tempo","Relapse Is A Love Affair","Hail The Sun",2025-10-08,265079,5,false,,2025-10-14T10:29:34Z,"post-hardcore,math rock,emo,screamo","Rude Records Equal Vision",0.155,0.937,1,-4.613,1,0.135,0.00111,0,0.109,0.303,93.131,3
spotify:track:32CrxgdqClXxLbznxwRRPJ,"Khachaturian: Violin Concerto in D Minor, Op. 46: I. Allegro con fermezza (Cadenza by Oistrakh)","Khachaturian: Violin Concerto, Taneyev: Suite de concert","Aram Khachaturian;David Oistrakh;Philharmonia Orchestra",1955,848240,12,false,,2025-10-09T17:16:49Z,"concerto,classical,chamber music,opera,orchestral","Warner Classics",0.373,0.251,9,-15.499,0,0.0483,0.963,0.438,0.0794,0.225,150.11,4
spotify:track:7eoC95sT8KxeZGPAikDOAm,"Secret","Thirteen Tales Of Love And Revenge","The Pierces",2008-10-27,229160,57,false,,2025-10-04T09:37:38Z,"","Lizard King Records",0.577,0.486,9,-6.966,0,0.0548,0.0557,0,0.2,0.236,138.172,3
spotify:track:6KHZF70INWm9Re5CHAUcLm,"Chevaliers De Sangreal - From ""The Da Vinci Code""","Cello Unlimited","Hans Zimmer;Kian Soltani",2021-10-15,245200,39,false,,2025-09-26T08:57:39Z,"soundtrack,score,chamber music,classical","Deutsche Grammophon (DG)",0.238,0.185,5,-15.298,1,0.0391,0.906,0.888,0.105,0.0646,165.236,3
spotify:track:4RY8NabvRv6Y95x96asZbr,"Expiration Dating","Expiration Dating","Madelline",2025-05-20,180652,53,false,,2025-09-15T11:57:09Z,"","Lucky Bastards LLC",0.642,0.692,7,-3.862,1,0.0544,0.078,0,0.1,0.222,138.035,3
spotify:track:1MqzIgGsHP4cNjPboevsfq,"Tourner Dans Le Vide","Mini World","Indila",2014-01-01,246093,74,false,,2025-09-03T17:00:26Z,"french pop","Universal Music Division Polydor France",0.593,0.698,6,-8.645,0,0.0428,0.103,0,0.173,0.376,119.989,4
spotify:track:4IWP6OdBUJnJORgROPlAoX,"Fate of the Clockmaker","Forgotten Odes","Eternal Eclipse",2020-04-07,152441,42,false,,2025-08-31T19:24:49Z,"orchestral","Eternal Eclipse",0.591,0.895,2,-7.866,1,0.0597,0.267,0.899,0.102,0.114,78.114,4
spotify:track:4k0hvjglHbcZI203QI4pF7,"You Make Me Feel Like It’s Halloween","Will Of The People","Muse",2022-08-26,180302,51,false,,2025-08-30T12:37:49Z,"alternative rock,rock","Warner Records",0.514,0.935,1,-3.331,1,0.0605,0.000394,0.000764,0.386,0.53,123.032,4
spotify:track:3RCEHYekMeTtEBxN0MGlKA,"Untold Story","Virtuoso","Inon Zur",2020-01-22,133026,25,false,,2025-08-28T11:22:06Z,"soundtrack","Seventh Sense",0.252,0.23,0,-13.005,0,0.0357,0.00602,0.906,0.097,0.0586,140.085,4
spotify:track:1vVstLxECP6hgyeMUDPSWU,"Kings And Pawns","Virtuoso","Inon Zur",2020-01-22,113673,32,false,,2025-08-06T16:38:02Z,"soundtrack","Seventh Sense",0.332,0.602,9,-8.691,0,0.0542,0.43,0.939,0.227,0.539,171.17,3
spotify:track:6lKSOnC9iLGDonypMgvGrm,"Too Much","Too Much","Dove Cameron",2025-02-21,171335,73,false,,2025-07-26T20:10:47Z,"","Disruptor Records/Columbia",0.722,0.819,1,-4.76,1,0.0489,0.0243,0.000135,0.0814,0.614,134.992,4
spotify:track:64j8zOeViwMfPcL4MlMErp,"Glitz At The Ritz","Razzmatazz","Jules Gaia",2016-01-04,125625,52,false,,2025-07-26T19:42:56Z,"electro swing,swing music","Epidemic Sound",0.703,0.925,7,-4.161,1,0.233,0.0171,0.918,0.0994,0.382,128.026,4
spotify:track:5YXr4AGfUQpLSxtFSsKUh6,"Map of the Problematique","Black Holes and Revelations","Muse",2006-06-28,258066,62,false,,2025-07-14T19:49:53Z,"alternative rock,rock","Warner Records",0.493,0.959,8,-3.613,1,0.0414,0.000386,0.118,0.254,0.703,125.04,4
spotify:track:6Z34YgqCJkdrliDmbcaJgy,"Carmen Suite No. 1: 5. Les toréadors","Bizet: Carmen Suites; L'Arlésienne Suites","Georges Bizet;Orchestre de Paris;Semyon Bychkov",1994-08-04,138000,54,false,,2025-06-16T11:34:31Z,"opera,classical,orchestral,concerto","Decca Music Group Ltd.",0.335,0.372,5,-16.127,1,0.037,0.697,0.0000536,0.141,0.821,127.129,4
spotify:track:6IabIimt88FcZu80dunXWA,"La poupée monte le son","La poupée monte le son","Laura Thorn",2025-03-18,178378,52,false,,2025-06-09T10:59:52Z,"","Ily8",0.734,0.731,7,-5.418,1,0.0329,0.0227,0.0000021,0.0557,0.633,131.99,4
spotify:track:6E7wqplViIGfBHyoVDj4yW,"I Like You Best","I Like You Best","Ella Red",2024-06-28,163258,65,false,,2025-05-07T12:23:11Z,"","Nettwerk Music Group",0.572,0.647,11,-3.867,0,0.0353,0.0116,0.00369,0.574,0.663,94.127,4
spotify:track:1EjIXKhNHI00ZLMRpS8iz8,"The Code","The Code","Nemo",2024-02-29,180141,62,false,,2025-05-07T11:02:44Z,"","Better Now Records",0.542,0.77,5,-3.852,0,0.147,0.215,0,0.0893,0.489,159.818,4
spotify:track:56pXPk5rR4pmQVZAarPGpH,"Here, Tomorrow","Here, Tomorrow","League of Legends;Kevin Penkin;Lilas",2025-04-14,187400,2,false,,2025-04-28T22:13:44Z,"anime,soundtrack,j-pop","Riot Games",0.383,0.603,2,-5.887,0,0.037,0.108,0.0000484,0.138,0.135,155.867,4
spotify:track:0Toi0YGo4CMUcihZRlzsSG,"Shostakovich: String Quartet No.8 In C Minor, Op.110: 2. Allegro molto","Encores","Dmitri Shostakovich;Dover Quartet;Brooklyn Classical",2021-09-24,158839,22,false,,2025-04-26T08:35:51Z,"classical,chamber music,orchestral,classical piano","Brooklyn Classical",0.409,0.703,8,-7.529,1,0.0364,0.848,0.918,0.307,0.654,138.884,4
spotify:track:5ZpAU5f4jxj6i9XoKK0RaI,"Burning Pile","O My Heart","Mother Mother",2008-09-23,262173,70,false,,2025-04-04T20:49:00Z,"","Last Gang",0.515,0.755,5,-3.724,1,0.0383,0.0633,0.00101,0.107,0.165,140.101,4
spotify:track:1b9K8zcencFmQl68Oot9DS,"DEBT COLLECTOR","A BEGINNER'S GUIDE TO FAKING YOUR DEATH","Jhariah",2021-07-23,152034,51,false,,2025-04-01T22:25:52Z,"","Jhariah",0.416,0.918,1,-4.058,1,0.186,0.00169,0.000432,0.122,0.387,193.134,4
spotify:track:5n6RDaGFSN88oRWuGtYAIN,"The Show Must Go On - Remastered 2011","Innuendo (2011 Remaster)","Queen",1991-02-05,277826,71,false,,2025-03-26T07:55:39Z,"classic rock,rock,glam rock","EMI",0.426,0.687,11,-6.926,0,0.0329,0.409,0,0.112,0.189,84.141,4
spotify:track:5PCNd6UnT4y9Ygz0KFmIMC,"Euphoria","Will Of The People","Muse",2022-08-26,203177,46,false,,2025-03-25T09:54:36Z,"alternative rock,rock","Warner Records",0.37,0.923,5,-3.112,1,0.0721,0.00041,0,0.324,0.298,158.088,4
spotify:track:466C6kwoJHLUJ8VHG98hCY,"Roundabout - 2024 Remaster","Fragile (Super Deluxe)","Yes",1971-11-12,516245,64,false,,2025-03-17T13:32:34Z,"progressive rock,art rock,aor","Rhino Atlantic",0.429,0.711,4,-11.314,0,0.0793,0.148,0.0514,0.291,0.416,132.143,4
spotify:track:3f3FDZajRpcLQGln7OZqdi,"asphyxia","PURE","Cö shu Nie",2019-12-11,174893,61,false,,2025-03-15T22:57:22Z,"anime,j-rock,j-pop","Sony Music Labels Inc.",0.181,0.913,5,-3.318,1,0.152,0.0501,0,0.282,0.392,82.176,4
spotify:track:7sA2SKTo1QbTSSYn5YvJC4,"Sharks","Mercury - Acts 1 & 2","Imagine Dragons",2022-07-01,190883,73,false,,2025-03-15T16:44:39Z,"","Kid Ina Korner / Interscope",0.927,0.642,10,-4.466,0,0.0657,0.00791,0.0000362,0.279,0.901,123.969,4
spotify:track:3vjs2MDHoF9xhylNg6Y9un,"Chateau (Feel Alright)","Twenty Twenty","Djo",2019-09-13,272157,73,false,,2025-03-10T07:38:47Z,"","Djo",0.641,0.365,7,-11.765,1,0.027,0.434,0.00000849,0.297,0.343,134.874,4
spotify:track:5abubE0dYFaEPDeM2sZ4TY,"What Do They Know?","You'll Rebel to Anything (Expanded and Remastered 2008)","Mindless Self Indulgence",2005,188573,67,false,,2025-03-07T23:49:30Z,"","Metropolis Records",0.645,0.791,7,-5.48,1,0.0927,0.0406,0,0.293,0.601,153.95,4
spotify:track:4EaBMhUIOfnFEbIgqCfKbi,"The Phantom Of the Opera - From 'The Phantom Of The Opera' Motion Picture","The Phantom Of The Opera (Original Motion Picture Soundtrack)","Andrew Lloyd Webber;Gerard Butler;Emmy Rossum",2004-12-10,216133,28,false,,2025-03-07T15:05:30Z,"musicals","UMC (Universal Music Catalogue)",0.444,0.608,2,-12.175,0,0.0532,0.168,0.00000336,0.118,0.354,119.985,4
spotify:track:2pci27dW6PNGUPnXKdJFzd,"Rock in God's Shoe","Rock in God's Shoe","Sushi Soucy",2023-08-20,164867,55,false,,2025-03-07T09:38:58Z,"","Sushi Soucy",0.639,0.344,7,-14.056,1,0.0658,0.771,0,0.179,0.252,124.886,4
spotify:track:0EeYGqGqNyPWBanBABKrvA,"Stay Positive","Sushi Soup","Sushi Soucy",2021-07-06,115842,25,false,,2025-03-06T08:59:04Z,"","Sushi Soucy",0.628,0.0802,7,-14.975,1,0.0478,0.844,0,0.0923,0.414,81.268,3
spotify:track:7LJBynRy2YpNeAXJk9dYvx,"Once Again","Rockabye (Original Cast Recording)","Sushi Soucy",2023-09-21,137475,24,true,,2025-03-06T08:33:15Z,"","957201 Records DK2",0.471,0.564,7,-6.218,1,0.0281,0.0434,0,0.0996,0.207,149.971,3
spotify:track:1P17dC1amhFzptugyAO7Il,"Look What You Made Me Do","reputation","Taylor Swift",2017-11-10,211853,78,false,,2025-02-26T17:57:37Z,"","Taylor Swift",0.766,0.709,9,-6.471,0,0.123,0.204,0.0000141,0.126,0.506,128.07,4
spotify:track:0VU7avDE4OZ36oVmLPSEZA,"Seaside Rendezvous - Remastered 2011","A Night At The Opera (2011 Remaster)","Queen",1975-11-21,134120,46,false,,2025-02-24T08:12:34Z,"classic rock,rock,glam rock","EMI",0.458,0.699,0,-5.496,1,0.116,0.36,0,0.295,0.797,167.463,4
spotify:track:1DL2gvMBTCFmg2dREI9Lwp,"Lazing On A Sunday Afternoon - Remastered 2011","A Night At The Opera (2011 Remaster)","Queen",1975-11-21,67400,42,false,,2025-02-23T19:26:14Z,"classic rock,rock,glam rock","EMI",0.645,0.557,3,-9.107,1,0.0535,0.4,0.00183,0.0845,0.703,131.882,4
spotify:track:1cN13ivH3D66m9DoW2Z7iU,"Death On Two Legs (Dedicated To...) - Remastered 2011","A Night At The Opera (2011 Remaster)","Queen",1975-11-21,223920,44,false,,2025-02-23T19:24:30Z,"classic rock,rock,glam rock","EMI",0.403,0.691,2,-6.219,1,0.0544,0.362,0.0000403,0.133,0.5,124.695,4
spotify:track:0kYMwaQWABTkFff8AZjmYI,"Hayloft II","Inside (Deluxe)","Mother Mother",2022-01-28,215040,74,false,,2025-02-22T19:48:01Z,"","WM Canada",0.326,0.866,9,-4.541,0,0.101,0.0044,0.00000737,0.0912,0.172,178.181,4
spotify:track:5MeRp8hOuqB490UWMJ7ber,"Il n'y a pas d'amour heureux - Remasterisé en 2016","Ma jeunesse fout le camp (Remasterisé en 2016)","Françoise Hardy",1967,145146,44,false,,2025-02-19T11:29:46Z,"chanson,french pop,variété française,french jazz","Parlophone (France)",0.384,0.262,7,-11.362,0,0.0393,0.875,0.000202,0.125,0.476,134.812,4
spotify:track:63vL5oxWrlvaJ0ayNaQnbX,"Istanbul (Not Constantinople)","Flood","They Might Be Giants",1990-01-02,153813,64,false,,2025-02-19T11:21:46Z,"","Rhino",0.688,0.748,5,-9.39,0,0.0377,0.0801,0.00453,0.136,0.892,114.144,4
spotify:track:4OSBTYWVwsQhGLF9NHvIbR,"Rolling in the Deep","21","Adele",2011-01-24,228093,81,false,,2025-02-18T21:27:49Z,"soft pop","XL Recordings",0.73,0.769,8,-5.114,1,0.0298,0.138,0,0.0473,0.507,104.948,4
spotify:track:5Hyr47BBGpvOfcykSCcaw9,"Holding Out for a Hero - From ""Footloose"" Soundtrack","Secret Dreams and Forbidden Fire","Bonnie Tyler",1986-05-05,348333,76,false,,2025-02-18T21:11:31Z,"","Sony Music CG",0.616,0.685,9,-15.289,0,0.04,0.0245,0.0000113,0.0491,0.895,150.055,4
spotify:track:5IumuUJqNO7K5SvniuDrBz,"We Are Fucking Fucked","Will Of The People","Muse",2022-08-26,216729,48,true,,2025-02-15T10:09:02Z,"alternative rock,rock","Warner Records",0.209,0.981,9,-2.644,0,0.186,0.0000344,0.0000835,0.0574,0.236,146.979,4
spotify:track:39DJV3ajNVcOhFyhQ9kfrv,"Liberation of the Soul","Liberation of the Soul","B²TSM",2024-12-12,174000,18,false,,2025-01-06T10:14:27Z,"","B²TSM",0.571,0.833,2,-5.801,1,0.0626,0.118,0.0000872,0.128,0.187,180.054,3
spotify:track:4ZmNDYanw9TYrmEQmtRNrh,"Duh Duh Duh Dum","Duh Duh Duh Dum","B²TSM",2022-08-06,177612,25,false,,2024-12-21T11:44:24Z,"","Pony Music",0.629,0.812,2,-7.099,1,0.0449,0.106,0.00039,0.0535,0.107,142.026,4
spotify:track:7yUMsB2mjbhcWl3VZfnnqo,"Dirty Little Animals (from the series Arcane League of Legends)","Arcane League of Legends (Soundtrack from the Animated Series)","BONES UK",2021-11-20,205188,51,false,,2024-12-16T14:27:03Z,"","Riot Games",0.563,0.841,1,-6.38,0,0.382,0.0331,0,0.484,0.617,106.076,4
spotify:track:27cw0tNJKQQW2CJMGcCfZb,"I Deserve to Bleed","I Deserve to Bleed","Sushi Soucy",2020-12-27,104022,59,true,,2024-12-16T08:52:21Z,"","Sushi Soucy",0.761,0.276,7,-11.507,1,0.0682,0.918,0,0.16,0.595,119.991,4
spotify:track:3CnUGF7phvydXWBJUBDDP6,"The Villain I Appear to Be","The Villain I Appear to Be","Connor Spiotto;Molly Pease",2017-06-25,188000,58,false,,2024-12-11T21:25:37Z,"","Connor Spiotto",0.489,0.361,1,-9.633,1,0.0404,0.797,0,0.308,0.276,109.273,4
spotify:track:388dr3aGkIXRiGFiMyiXLz,"Kiss The Go-Goat","Seven Inches Of Satanic Panic","Ghost",2019-09-13,195693,43,false,,2024-11-29T15:25:51Z,"metal,hard rock","Universal Music AB",0.469,0.849,10,-4.145,1,0.053,0.000215,0.0000082,0.154,0.531,130.066,4
spotify:track:4d9L9pBJNGmHMKs36RgP4e,"Devilman No Uta","DEVILMAN crybaby (Original Soundtrack)","kensuke ushio",2018-01-10,185520,45,false,,2024-11-23T14:30:10Z,"anime","Aniplex Inc.",0.609,0.951,1,-6.137,1,0.0431,0.0108,0.000104,0.702,0.717,125.045,4
spotify:track:6urCAbunOQI4bLhmGpX7iS,"Don't Speak","Tragic Kingdom","No Doubt",1995-10-10,263560,82,false,,2024-11-22T20:35:11Z,"","Trauma",0.52,0.709,5,-7.125,0,0.0352,0.247,0.0000178,0.18,0.536,76.039,4
spotify:track:1yBoI01Y9dpPwqk9qBi44d,"Guns for Hire (from the series Arcane League of Legends)","Arcane League of Legends (Soundtrack from the Animated Series)","Woodkid",2021-11-20,226460,52,false,,2024-11-18T07:46:04Z,"","Riot Games",0.254,0.298,3,-7.59,0,0.0296,0.288,0,0.117,0.106,139.713,4
spotify:track:0tduSYti0mY7p8j5AIO4Pg,"I'm Back","I'M DOING IT AGAIN BABY!","girl in red",2024-04-12,179791,46,false,,2024-11-16T21:50:59Z,"bedroom pop","Columbia",0.584,0.463,0,-10.142,1,0.0379,0.919,0.00112,0.0952,0.348,131.032,4
spotify:track:4ZHGRFGwjnEIXHG2FhcDPv,"I Hear a Symphony","Flying","Cody Fry",2017-10-06,185176,67,false,,2024-11-13T08:57:26Z,"","Cody Fry/Decca US Records",0.197,0.247,3,-8.542,1,0.0306,0.934,0.0163,0.111,0.407,75.787,3
spotify:track:62AdLIvL8qZYX0FhxVJLND,"Snakes (from the series Arcane League of Legends)","Snakes (from the series Arcane League of Legends)","MIYAVI;PVRIS;Arcane;League of Legends",2021-11-20,161376,63,false,,2024-11-13T08:51:44Z,"j-rock,visual kei,score","Riot Games",0.423,0.842,1,-6.24,0,0.236,0.000396,0.000907,0.378,0.342,157.904,4
spotify:track:4zEvxRDaKDoFlHxK7Hy0wg,"Sunday","Everybody Else Is Doing It, So Why Can't We?","The Cranberries",1993-03-01,211066,71,false,,2024-11-13T08:43:11Z,"","Island Records",0.329,0.565,0,-13.103,1,0.0335,0.0614,0.0000197,0.126,0.167,108.859,4
spotify:track:2kKkl59fY6Cic1CmhvSEZK,"Hayloft","O My Heart","Mother Mother",2008-09-23,181680,72,false,,2024-11-12T08:03:57Z,"","Last Gang",0.527,0.921,9,-2.666,0,0.0734,0.00477,0.000165,0.422,0.447,95.975,4
spotify:track:6It0cr5QyBlwk0B5Qk7DZd,"Pallet Town (Arr. Skeet for Violin & Orchestra) - From ""Pokémon Red""","Player 1","Junichi Masuda;Ray Chen;Royal Philharmonic Orchestra;Cristian Măcelaru;Jonathan Ayling;Suzy Willison-Kawalec",2024-10-18,216093,16,false,,2024-11-09T16:16:35Z,"orchestral,classical,contemporary classical","Decca Music Group Ltd.",0.371,0.224,7,-15.571,1,0.04,0.855,0.511,0.0578,0.359,120.065,4
spotify:track:4IRHwIZHzlHT1FQpRa5RdE,"Goodbye Yellow Brick Road - Remastered 2014","Goodbye Yellow Brick Road (Remastered)","Elton John",1973-10-05,192826,76,false,,2024-11-07T08:28:19Z,"","UMC (Universal Music Catalogue)",0.559,0.473,5,-7.712,1,0.0279,0.446,0.00141,0.154,0.397,121.227,4
spotify:track:0RB9Q6qDFbVR6P2hUZSkdc,"Chopin: 12 Études, Op. 25: No. 11 in A Minor ""Winter Wind""","Chopin: Piano Sonatas Nos. 1 - 3, Mazurkas, Op. 17 & Études","Frédéric Chopin;Leif Ove Andsnes",1992-01-01,240800,44,false,,2024-11-05T07:14:25Z,"classical piano,classical,impressionism,chamber music","Warner Classics",0.258,0.251,0,-21.153,1,0.0375,0.973,0.864,0.0983,0.0631,110.735,4
spotify:track:5ruzrDWcT0vuJIOMW7gMnW,"The Adults Are Talking","The New Abnormal","The Strokes",2020-04-10,309053,82,false,,2024-11-04T09:12:33Z,"garage rock,indie rock,alternative rock","Cult Records/RCA Records",0.593,0.749,5,-5.67,1,0.0475,0.0113,0.106,0.314,0.649,164.959,4
spotify:track:0TZejo18HlJ86OrWNsXKnw,"Mrs Magic","Mrs Magic","Strawberry Guy",2019-07-24,208500,81,false,,2024-11-04T08:54:45Z,"bedroom pop","Melodic",0.471,0.634,8,-7.406,1,0.031,0.159,0.365,0.374,0.366,132.542,4
spotify:track:7qiEoVlFjb3KaytT2zgK1g,"Doomsday Blue","Cathexis","Bambie Thug",2023-10-13,183741,54,false,,2024-11-03T17:58:33Z,"","HAUS OF THUG",0.487,0.846,10,-7.123,0,0.049,0.00705,0.285,0.171,0.16,130.008,4
spotify:track:5S1pCogpzpMVK6tRVatUqB,"Carmen (Bizet) - Fantasie brillante","The Fiddler Of The Opera","Jenő Hubay;Gil Shaham;Akira Eguchi",1997-01-01,532000,22,false,,2024-10-31T11:03:40Z,"concerto,chamber music,classical","Deutsche Grammophon (DG)",0.379,0.164,2,-17.967,1,0.0412,0.943,0.0187,0.1,0.238,113.571,4
spotify:track:3DL7joEwJDh9Enw9IBSnjp,"String Quartet No. 8 in C Minor, Op. 110: II. Allegro molto","Shostakovich: String Quartets Nos. 1, 8 & 14","Dmitri Shostakovich;Borodin Quartet",2015-03-20,173133,41,false,,2024-10-30T21:06:02Z,"classical,chamber music,orchestral","Decca Music Group Ltd.",0.421,0.46,7,-13.568,1,0.0375,0.966,0.894,0.105,0.435,125.925,4
spotify:track:3O9xWnJFPdfBEdfhkWAOIF,"etoile et toi [edition le bleu]","歌物語2　-〈物語〉シリーズ主題歌集-","物語シリーズ",2015,352533,19,false,,2024-10-30T13:01:52Z,"anime,j-pop","Aniplex Inc.",0.59,0.505,1,-9.346,0,0.0277,0.658,0.527,0.101,0.181,99.999,4
spotify:track:2C4iPMQ0Eu2O9smudEwvN0,"Murders","Hawaii: Part II (Deleted)","Miracle Musical",2012-12-11,222981,0,false,,2024-10-30T11:14:28Z,"","ミラクルミュージカル",0.336,0.4,11,-9.838,0,0.0294,0.872,0.333,0.124,0.24,143.81,4
spotify:track:777zXDJpBufzttU4AJ2dGO,"I Don't Want To Set The World On Fire","The Anthology","The Ink Spots",1998-06-16,181066,67,false,,2024-10-28T19:28:27Z,"adult standards","Geffen",0.445,0.146,5,-16.064,1,0.0333,0.962,0.0000105,0.249,0.332,86.637,4
spotify:track:5Ng6UbryNd3eds2zQk9MUf,"Spellbound","Juju","Siouxsie and the Banshees",1981,197013,63,false,,2024-10-28T10:13:33Z,"gothic rock,post-punk,deathrock,darkwave,new wave,cold wave","UMC (Universal Music Catalogue)",0.415,0.853,7,-11.098,1,0.038,0.0107,0.000499,0.536,0.302,148.494,4
spotify:track:02Wse1w8jxhXo5T7kRXgIe,"Leck mich im Arsch, K.231","Mozart: Complete Edition Vol.12: Arias, Lieder etc","Wolfgang Amadeus Mozart;Chorus Viennensis;Uwe Christian Harrer",2000-01-01,137000,23,false,,2024-10-23T15:54:51Z,"classical,opera,classical piano,chamber music,concerto,choral,christmas","Decca Music Group Ltd.",0.402,0.136,9,-22.743,1,0.0434,0.98,0.00000135,0.156,0.216,85.246,4
spotify:track:3qpyxgH65qNhJ9hLS2gWrS,"Origami","Big Whoop","The Rare Occasions",2021-06-18,174182,68,false,,2024-10-23T15:45:07Z,"","The Rare Occasions",0.483,0.802,11,-6.463,1,0.0552,0.00703,0.0137,0.245,0.627,129.933,4
spotify:track:6GtX0jaNL8IjVQfrDBx81z,"Bullet With Butterfly Wings - Remastered 2012","Mellon Collie And The Infinite Sadness (Deluxe Edition)","The Smashing Pumpkins",1995,258466,78,false,,2024-10-23T15:31:45Z,"alternative rock,rock","Virgin Records",0.404,0.72,10,-9.18,0,0.0623,0.0000559,0.836,0.0466,0.475,121.864,4
spotify:track:5AJ9hqTS2wcFQCELCFRO7A,"MILLION DOLLAR BABY","MILLION DOLLAR BABY","Tommy Richman",2024-04-26,155151,82,false,,2024-10-23T13:47:09Z,"","PULSE Records",0.852,0.697,1,-5.52,0,0.0439,0.0973,0.00037,0.0678,0.919,138.029,4
spotify:track:51Grh1RyUDcMBbpuyUIUHI,"rises the moon","recently","Liana Flores",2019-04-10,161929,81,false,,2024-10-23T11:25:24Z,"","liana flores",0.483,0.129,5,-20.149,0,0.0349,0.947,0.145,0.106,0.203,137.35,3
spotify:track:4GT8nJdIrabaHcQb4MRYt2,"Great Fairy Fountain (From ""The Legend of Zelda"") [Piano Etude]","Great Fairy Fountain (From ""The Legend of Zelda"") [Piano Etude]","Erik Correll",2019-02-26,163895,41,false,,2024-10-23T11:19:59Z,"","Erik Correll",0.303,0.322,2,-14.931,0,0.0471,0.629,0.82,0.09,0.0472,125.608,4
spotify:track:5Zf25eS8E1znm9mez4cGsm,"Reflections","ひとつぶの海","Toshifumi Hinata",1986-11-28,130693,68,false,,2024-10-22T08:23:12Z,"","Sony Music Direct (Japan) Inc.",0.224,0.146,9,-16.331,0,0.0338,0.961,0.712,0.113,0.142,94.255,3
spotify:track:67ColSQSTMboSIc6Cw6p88,"GLASSY SKY","TVアニメ『東京喰種』ORIGINAL SOUNDTRACK","Yutaka Yamada",2015-03-25,294813,57,false,,2024-10-22T06:08:01Z,"anime","Marvelous Inc.",0.451,0.246,8,-14.784,0,0.0403,0.546,0.0000653,0.284,0.145,145.587,4
spotify:track:50qY6EQTt33QAUQnDgbYOS,"Goodbye (from the series Arcane League of Legends)","Goodbye (from the series Arcane League of Legends)","Ramsey;Arcane;League of Legends",2021-11-05,230985,64,false,,2024-10-22T06:03:35Z,"score","Riot Games",0.365,0.318,10,-11.775,0,0.036,0.663,0.000622,0.101,0.0489,164.885,4
spotify:track:4ypkMHJBXRdaaWdqwjixFc,"Secondary Worship","Secondary Worship","Hail The Sun",2024-03-01,226903,39,false,,2024-10-22T05:56:29Z,"post-hardcore,math rock,emo,screamo","Equal Vision Records",0.441,0.953,8,-2.366,1,0.0653,0.0103,0,0.288,0.456,164.885,3
spotify:track:6JoT2QRzUZ8IpkamI6WkeN,"Chopin: Piano Sonata No. 2 in B-Flat Minor, Op. 35 ""Funeral March"": III. Marche funèbre. Lento","Chopin: Piano Sonatas Nos. 1 - 3, Mazurkas, Op. 17 & Études","Frédéric Chopin;Leif Ove Andsnes",1992-01-01,504320,51,false,,2024-10-21T18:09:53Z,"classical piano,classical,impressionism,chamber music","Warner Classics",0.381,0.003,1,-25.899,1,0.0495,0.993,0.938,0.0859,0.0657,69.148,4
spotify:track:2RlgNHKcydI9sayD2Df2xp,"Mr. Blue Sky","Out of the Blue","Electric Light Orchestra",1977,303820,81,false,,2024-10-21T17:52:07Z,"art rock,soft rock","Epic/Legacy",0.388,0.338,10,-10.054,1,0.0329,0.652,0.00000373,0.248,0.478,177.765,4
spotify:track:2gnTpHUZZyUgdRn2IFJczm,"I Deserve to Bleed","I Deserve to Bleed","Sushi Soucy",2020-12-26,104022,0,true,,2024-10-21T11:40:06Z,"","Ayparia",0.733,0.281,0,-11.687,1,0.111,0.919,0,0.2,0.638,119.589,4
spotify:track:6y2cLmWkuM7u5By6ElBrla,"Kiss Me, Son of God","Lincoln","They Might Be Giants",1988,112666,54,false,,2024-10-21T11:19:20Z,"","Idlewild Recordings",0.453,0.336,4,-4.663,1,0.031,0.77,0,0.108,0.542,169.794,4
spotify:track:2bPGTMB5sFfFYQ2YvSmup0,"Deutschland","Rammstein","Rammstein",2019-05-17,322339,77,false,,2024-10-21T10:30:21Z,"industrial metal,metal,industrial rock,industrial","Rammstein",0.521,0.895,7,-5.242,1,0.0442,0.0000554,0.349,0.0985,0.237,120.117,4
spotify:track:6ZaiqbV2GfUtrUlhsu58fN,"Step On Me","First Band On The Moon (Remastered)","The Cardigans",1996-01-01,230185,77,false,,2024-10-19T21:18:11Z,"swedish pop","Universal Music AB",0.331,0.471,2,-5.631,1,0.0299,0.00644,0,0.0653,0.142,90.057,4
spotify:track:2N8pjeNjFT8Fw58e5z2LDf,"Dawn of Faith","Forgotten Odes","Eternal Eclipse",2020-04-07,193239,55,false,,2024-10-17T07:54:07Z,"orchestral","Eternal Eclipse",0.245,0.471,0,-9.416,0,0.0359,0.524,0.905,0.0881,0.0967,130.089,4
spotify:track:0eSKFjwdh7uOJZ7me6YbaN,"Playground (from the series Arcane League of Legends)","Playground (from the series Arcane League of Legends)","Bea Miller;Arcane;League of Legends",2021-11-05,230525,66,false,,2024-10-16T16:48:27Z,"score","Riot Games",0.515,0.704,8,-6.834,1,0.0294,0.01,0.000062,0.129,0.35,157.391,4
spotify:track:3weNRklVDqb4Rr5MhKBR3D,"Nuvole Bianche","Una Mattina","Ludovico Einaudi",2004-01-01,357706,73,false,,2024-10-11T09:20:58Z,"neoclassical,classical,contemporary classical","Decca (UMO)",0.191,0.0582,8,-25.398,1,0.0578,0.961,0.89,0.0941,0.0454,132.614,1
spotify:track:7uIpHQGSafwKoK8oZeD4kB,"Serenade, D. 957 No. 4 (Arr. Elman for Violin & Piano)","Schubert: Serenade, D. 957 No. 4 (Arr. Elman for Violin and Piano)","Franz Schubert;Christian Li;Laurence Matheson",2023-06-23,280080,23,false,,2024-10-06T12:05:26Z,"chamber music,classical,classical piano","Decca Music Group Ltd.",0.165,0.0596,2,-21.593,1,0.0382,0.936,0.75,0.0934,0.0554,81.002,1
spotify:track:22P2juauetqTdxxTLgLudr,"Gounod: Ave Maria, CG 89a (Orch. Kennedy, Lenehan & Messiter)","Classic Kennedy","Charles Gounod;Johann Sebastian Bach;Nigel Kennedy;English Chamber Orchestra;Paula Chateauneuf",1999-10-04,152373,12,false,,2024-10-05T20:47:10Z,"opera,baroque,classical,classical piano,concerto,early music,chamber music,renaissance,medieval","Warner Classics",0.113,0.0184,7,-31.514,1,0.0517,0.986,0.594,0.112,0.0896,169.627,5
spotify:track:0u2P5u6lvoDfwTYjAADbn4,"lovely (with Khalid)","lovely (with Khalid)","Billie Eilish;Khalid",2018-04-19,200185,87,false,,2024-10-02T12:08:45Z,"","Darkroom",0.351,0.296,4,-10.109,0,0.0333,0.934,0,0.095,0.12,115.284,4
spotify:track:6eVlPB1UhuyPUQSf9utzit,"Little Wolf","EPIC: The Wisdom Saga (Official Concept Album)","Jorge Rivera-Herrans;Ayron Alexander;Teagan Earley;Miguel Veloso;Cast of EPIC: The Musical",2024-08-30,193600,69,false,,2024-10-01T20:54:47Z,"musicals","Winion Entertainment LLC",0.566,0.656,4,-5.855,0,0.151,0.372,0,0.194,0.403,74.894,4
spotify:track:11nAMCXHi82msHXGXAUmOI,"Cello Concerto in E Minor, Op. 85: I. Adagio - Moderato","Elgar","Edward Elgar;Sheku Kanneh-Mason;London Symphony Orchestra;Sir Simon Rattle",2020-01-10,493320,47,false,,2024-10-01T11:46:17Z,"classical,orchestral,ballet,opera","Decca Music Group Ltd.",0.122,0.0779,4,-21.23,0,0.0476,0.96,0.939,0.105,0.038,95.404,4
spotify:track:6MCU7EJ155Ukx2Q6gbScNN,"Slider (From ""Super Mario 64 GMB Cinematic Soundtrack"")","Slider (From ""Super Mario 64 GMB Cinematic Soundtrack"")","Super Mario 64;GMB Sound Team",2019-05-15,173267,38,false,,2024-09-29T11:30:46Z,"","GMB Unlimited, LLC",0.434,0.958,2,-6.422,1,0.051,0.0456,0.0992,0.344,0.716,176.094,4
spotify:track:4whMDx946frCjqj04mcgSt,"Le Festin D'Esope Op. 39 No. 12","Alkan, Liszt, Prokofiev: Romantic Pieces For Piano","Charles-Valentin Alkan;Igor Roma",2007-08-30,548160,18,false,,2024-09-29T11:11:15Z,"classical piano","Challenge Classics",0.396,0.236,4,-18.649,0,0.0355,0.991,0.884,0.0919,0.179,137.517,4
spotify:track:4cluDES4hQEUhmXj6TXkSo,"What Makes You Beautiful","Up All Night","One Direction",2012-05-25,199986,85,false,,2024-09-27T09:27:22Z,"","Syco Music UK",0.726,0.787,4,-2.494,1,0.0737,0.009,0,0.0596,0.888,124.99,4
spotify:track:4BUFFCwIF7y4qAATffK3I0,"L'Arlésienne Suite No. 2: IV. Farandole","L'Arlésienne Suite No. 2: IV. Farandole","Georges Bizet;Metamorphose String Orchestra;Pavel Lyubomudrov",2022-11-25,187624,31,false,,2024-09-25T08:19:57Z,"opera,classical","Halidon",0.469,0.576,7,-8.825,1,0.0421,0.922,0.959,0.0983,0.695,92.291,4
spotify:track:0bmb8jg6ljmt8qBmIsMNvL,"Dumbledore's Farewell","Harry Potter and the Half-Blood Prince (Original Motion Picture Soundtrack)","Nicholas Hooper",2009-07-14,142253,64,false,,2024-09-19T12:32:39Z,"soundtrack","New Line Records",0.237,0.062,9,-22.176,0,0.0513,0.417,0.893,0.178,0.0357,114.738,3
spotify:track:0peYF9zz1ViGNUek5bcPyi,"Violin Concerto in A Minor, Op. 53, B. 108: I. Allegro ma non troppo","Eclipse","Antonín Dvořák;Hilary Hahn;Frankfurt Radio Symphony Orchestra;Andrés Orozco-Estrada",2022-10-07,731135,20,false,,2024-09-19T08:37:50Z,"classical,chamber music,orchestral,concerto,baroque","Deutsche Grammophon (DG)",0.274,0.15,9,-18.86,0,0.0387,0.949,0.476,0.179,0.0655,107.037,4
spotify:track:5j3iBuHq6vv7VcBo4Y2QrK,"Cirice","Meliora","Ghost",2015-01-01,362093,58,false,,2024-09-03T16:17:26Z,"metal,hard rock","Loma Vista",0.555,0.798,3,-5.658,1,0.0279,0.00254,0.000015,0.171,0.284,89.987,4
spotify:track:68OVKwrzkwGqQZIm9MVwUK,"From The Pinnacle To The Pit","Meliora","Ghost",2015-01-01,242640,48,false,,2024-09-02T20:22:47Z,"metal,hard rock","Loma Vista",0.47,0.929,2,-4.26,1,0.0569,0.0000836,0.147,0.0745,0.451,89.984,4
spotify:track:70dOLeFZQqrmIHdcJcazoT,"Monstrance Clock","Infestissumam","Ghost",2013-01-01,353320,55,true,,2024-09-02T18:40:55Z,"metal,hard rock","Loma Vista",0.457,0.691,7,-5.884,0,0.0289,0.0288,0.000256,0.178,0.276,105.058,4
spotify:track:0PSWSiRXsxsLAEdEhaJAId,"Crucified","If You Have Ghost","Ghost",2013-01-01,313413,53,false,,2024-09-02T18:28:40Z,"metal,hard rock","Loma Vista",0.517,0.704,4,-6.837,0,0.0358,0.00385,0,0.103,0.279,115.977,4
spotify:track:6NFKy0jg3S6x380iuF47jX,"He Is","Meliora","Ghost",2015-01-01,253173,54,false,,2024-09-02T18:26:33Z,"metal,hard rock","Loma Vista",0.496,0.725,7,-5.433,1,0.0284,0.00248,0.00748,0.0895,0.244,100.089,4
spotify:track:0bog7rv4F6iffTSWcYQHeq,"Witch Image","Prequelle","Ghost",2018-06-01,210320,52,false,,2024-09-02T18:02:33Z,"metal,hard rock","Loma Vista",0.553,0.825,0,-5.819,0,0.0344,0.000438,0.00339,0.0823,0.466,119.986,4
spotify:track:1WjcX541kITk0ACPf5K6Bp,"Rats","Prequelle","Ghost",2018-06-01,261573,59,false,,2024-09-02T17:36:51Z,"metal,hard rock","Loma Vista",0.524,0.944,2,-5.73,0,0.0839,0.00000611,0.526,0.135,0.24,124.03,4
spotify:track:1sNSlzvQ5jPir46X5X1TeH,"If You Have Ghosts","If You Have Ghost","Ghost",2013-01-01,214880,53,false,,2024-09-02T17:27:19Z,"metal,hard rock","Loma Vista",0.508,0.782,6,-4.838,0,0.0385,0.00271,0.0004,0.0812,0.565,135.02,4
spotify:track:6vXceKic4ACImU0bC3oecd,"Darkness At The Heart Of My Love","IMPERA","Ghost",2022-03-11,298573,62,false,,2024-09-02T17:21:26Z,"metal,hard rock","Loma Vista Recordings",0.54,0.719,10,-5.744,1,0.0284,0.00833,0.000158,0.158,0.238,122.043,4
spotify:track:5fXQmRFO1CDN04HtUVNCUh,"Life Eternal","Prequelle","Ghost",2018-06-01,207120,57,false,,2024-09-02T17:19:18Z,"metal,hard rock","Loma Vista",0.443,0.612,1,-7.321,1,0.0275,0.0183,0.000001,0.103,0.204,155.97,4
spotify:track:5koxSCWVJInF4T6jj5SQ3H,"Stay [Feat. Patrick Wilson]","Stay [Feat. Patrick Wilson]","Ghost;Patrick Wilson",2023-07-07,234220,54,false,,2024-08-31T17:32:10Z,"metal,hard rock,musicals","Loma Vista Recordings",0.36,0.489,8,-9.135,1,0.0293,0.177,0.000171,0.0778,0.152,96.625,4
spotify:track:3yiyZW5sYNg3VvIejh10sK,"Year Zero","Infestissumam","Ghost",2013-01-01,350186,59,true,,2024-08-30T20:29:54Z,"metal,hard rock","Loma Vista",0.469,0.705,7,-5.134,1,0.0458,0.0304,0.0155,0.659,0.137,122.025,4
spotify:track:0WHtcCpZnoyFlQg3Mf2cdN,"Spillways","IMPERA","Ghost",2022-03-11,196946,63,false,,2024-08-30T20:21:29Z,"metal,hard rock","Loma Vista Recordings",0.575,0.868,5,-5.004,0,0.0319,0.000207,0.00294,0.0584,0.804,128.069,4
spotify:track:56k2ztFw7hQRzDeoe80pJo,"Kiss The Go-Goat","Seven Inches Of Satanic Panic","Ghost",2019-09-13,195693,1,false,,2024-08-30T14:28:20Z,"metal,hard rock","Loma Vista Recordings",0.469,0.851,10,-4.147,1,0.0547,0.000213,0.00000786,0.154,0.549,130.053,4
spotify:track:74gUN3LUQhqzfTLAP09ejk,"Griftwood","IMPERA","Ghost",2022-03-11,316040,58,false,,2024-08-29T20:35:03Z,"metal,hard rock","Loma Vista Recordings",0.588,0.888,0,-4.263,0,0.0307,0.000541,0.00000715,0.25,0.801,120.006,4
spotify:track:2jfQ2g1q0w8tbjN46rLpr2,"Hunter’s Moon","IMPERA","Ghost",2022-03-11,196106,59,false,,2024-08-28T21:16:07Z,"metal,hard rock","Loma Vista Recordings",0.61,0.935,5,-4.444,0,0.0356,0.000473,0.00187,0.0854,0.656,128.967,3
spotify:track:4hxd9xX8SNH0R2XSrXRATW,"Ritual","Opus Eponymous","Ghost",2010-10-18,268746,53,false,,2024-08-28T21:14:44Z,"metal,hard rock","Rise Above Records",0.67,0.864,0,-5.2,0,0.0525,0.0894,0.0000265,0.119,0.732,132.011,4
spotify:track:7wdwIaXUuzlu1grzWMFRJm,"Mary On A Cross","[MESSAGE FROM THE CLERGY]","Ghost",2022-09-12,244804,61,false,,2024-08-14T21:57:38Z,"metal,hard rock","UME - Global Clearing House",0.467,0.9,11,-4.505,1,0.0451,0.000187,0.000493,0.105,0.554,130.027,4
spotify:track:1OQxJiHrr5HAmTaqAhn39c,"The Future Is A Foreign Land","The Future Is A Foreign Land","Ghost",2024-06-21,225224,56,false,,2024-08-14T19:44:42Z,"metal,hard rock","Loma Vista Recordings",0.574,0.944,7,-3.868,0,0.0368,0.00836,0.00000901,0.0671,0.641,123.984,4
spotify:track:2KGCpxjbU3Mqf1elFvVabE,"The Future Is A Foreign Land","Rite Here Rite Now (Original Motion Picture Soundtrack)","Ghost",2024-07-26,225224,50,false,,2024-08-14T19:07:18Z,"metal,hard rock","Loma Vista Recordings",0.574,0.943,7,-3.865,0,0.0378,0.0102,0.00000933,0.058,0.651,123.995,4
spotify:track:4pIKFpwflOdhYNIRmPTj3E,"Dance Macabre","Prequelle","Ghost",2018-06-01,219720,64,false,,2024-08-14T19:06:19Z,"metal,hard rock","Loma Vista",0.619,0.696,7,-6.263,0,0.0315,0.0000193,0.00555,0.38,0.727,125.984,4
spotify:track:2EIaO5knwUA3F2qnf9LV3S,"Beyond the Sea","The Ultimate Bobby Darin","Bobby Darin",2004-11-23,172480,53,false,,2024-08-06T15:12:51Z,"big band,adult standards,swing music,doo-wop","Rhino/Warner Records",0.521,0.516,2,-7.456,0,0.0369,0.723,0,0.257,0.569,136.483,4
spotify:track:2hNhsPZVVOr0SOqShooaEJ,"Valse sentimentale, Op. 51, No. 6","Violinissimo: Great Violin Encores","Pyotr Ilyich Tchaikovsky;Josef Sakonov;London Festival Orchestra",1972-01-01,283746,42,false,,2024-07-29T19:09:31Z,"ballet,classical,orchestral","Universal Music Australia Pty. Ltd.",0.143,0.232,1,-14.73,1,0.0509,0.963,0.0814,0.11,0.105,35.555,4
spotify:track:7pYfyrMNPn3wtoCyqcTVoI,"Moves Like Jagger - Studio Recording From ""The Voice"" Performance","Hands All Over (Revised International Standard version)","Maroon 5;Christina Aguilera",2010,201493,82,false,,2024-07-17T10:35:43Z,"pop","Interscope Records*",0.722,0.761,11,-4.46,0,0.0475,0.0119,0,0.315,0.624,128.046,4
spotify:track:3GfUHAoOSGy3hhEaTU34WV,"Il jouait du piano debout - Remasterisé en 2004","Paris, France (Remasterisé en 2004)","France Gall",1980,273626,60,false,,2024-07-13T11:06:02Z,"variété française,chanson,french pop,french house","Warner (France)",0.677,0.856,3,-7.177,1,0.0506,0.498,0.0000264,0.0659,0.949,105.977,4
spotify:track:3vkQ5DAB1qQMYO4Mr9zJN6,"Gimme! Gimme! Gimme! (A Man After Midnight)","Voulez-Vous","ABBA",1979,292613,83,false,,2024-07-09T11:37:45Z,"","Polar Music International AB",0.749,0.491,10,-9.655,1,0.0403,0.02,0.00899,0.159,0.536,119.528,4
spotify:track:3850dYVgOFIXJh5U4BFEWH,"Hung Up","Confessions on a Dance Floor","Madonna",2005-11-11,337733,81,false,,2024-07-06T13:17:37Z,"","Warner Records",0.649,0.647,9,-7.695,0,0.0452,0.0039,0.161,0.0686,0.405,125.02,4
spotify:track:5QhBKPqsnX1uY9fZNaAtZg,"Stronger","Oops!... I Did It Again","Britney Spears",2000-05-16,203000,68,false,,2024-07-06T12:57:43Z,"pop","Jive",0.707,0.923,11,-3.957,1,0.0521,0.128,0.000437,0.273,0.842,108.049,4
spotify:track:1YBf7Tq9bpcVwvnlP8YbQS,"Year Zero","Infestissumam (Deluxe Version)","Ghost",2013-01-01,350186,54,true,,2024-07-05T13:14:11Z,"metal,hard rock","Loma Vista",0.469,0.705,7,-5.134,1,0.0458,0.0304,0.0155,0.659,0.137,122.025,4
spotify:track:2tJulUYLDKOg9XrtVkMgcJ,"Grenade","Doo-Wops & Hooligans","Bruno Mars",2010-05-11,222091,80,false,,2024-06-27T11:58:15Z,"","Atlantic Records",0.704,0.558,2,-7.273,0,0.0542,0.148,0,0.107,0.245,110.444,4
spotify:track:4Y7XAxTANhu3lmnLAzhWJW,"Fireball (feat. John Ryan)","Globalization","Pitbull;John Ryan",2014-11-24,236253,83,false,,2024-06-17T15:22:26Z,"","Mr.305/Polo Grounds Music/RCA Records",0.761,0.933,10,-5.38,1,0.056,0.0908,0.0000853,0.0607,0.836,122.959,4
spotify:track:5c9eDMUcS2HTHF18DJOSI7,"Romance in F Major for Viola and Orchestra, Op. 85","Mendelssohn/Bruch: Violin Concertos (Bonus Track Version)","Max Bruch;Janine Jansen;Gewandhausorchester;Riccardo Chailly",2007-01-01,502933,15,false,,2024-06-17T12:38:23Z,"concerto,classical,chamber music,baroque,orchestral,opera","Decca Music Group Ltd.",0.168,0.0851,5,-22.333,1,0.0429,0.976,0.749,0.0619,0.0446,98.554,4
spotify:track:654RprVvr0L8l6wm7XEHci,"Une Belle Histoire","Eva sur Seine","Eva sur Seine",2014-05-14,309946,56,false,,2024-06-14T13:52:39Z,"french jazz","Record Union",0.705,0.384,7,-10.694,1,0.0542,0.833,0.000763,0.125,0.596,79.023,4
spotify:track:4k8gGdles3JY7uBDMtbqs9,"Les deux guitares","La gitane (Gypsy Jazz manouche)","Tchan-Tchou Vidal",1953-10-04,138173,41,false,,2024-06-14T13:26:35Z,"french jazz","Iris music",0.569,0.422,2,-12.453,0,0.0558,0.935,0.919,0.0958,0.513,123.301,4
spotify:track:6g5qyQrAcoBX4X7XjxBoTO,"Comment te dire adieu - Remasterisé en 2016","Comment te dire adieu (Remasterisé en 2016)","Françoise Hardy",1968-12-15,148506,64,false,,2024-06-14T13:05:54Z,"chanson,french pop,variété française,french jazz","Parlophone (France)",0.711,0.586,10,-9.78,0,0.0514,0.435,0.00000648,0.15,0.931,124.058,4
spotify:track:2xZfPZxInlDXDKc6NDts8Z,"La foule","de l'accordeoniste a milord","Édith Piaf",1986,178840,60,false,,2024-06-14T12:54:14Z,"chanson,variété française,french jazz","Capitol Records",0.478,0.389,4,-8.54,0,0.0546,0.779,0.00000666,0.193,0.61,89.765,3
spotify:track:2AwBq3Ecjq5IfpC5f897VY,"Solas","Solas","Jamie Duffy",2022-02-04,192593,1,false,,2024-06-11T20:43:32Z,"","Rubyworks Ltd. under exclusive license to Amuseio AB",0.309,0.335,4,-16.708,0,0.0365,0.964,0.889,0.0932,0.356,84.623,4
spotify:track:0EVcL8omJO0RGxSA2hW6uV,"Symphony No. 7 in A Major, Op. 92: II. Allegretto","Beethoven: Symphony No. 7","Ludwig van Beethoven;Berliner Philharmoniker;Kirill Petrenko",2020-09-25,461434,46,false,,2024-06-10T12:16:12Z,"classical,classical piano,chamber music,orchestral,ballet,opera,impressionism,concerto","Berlin Philharmonic Orchestra",0.124,0.0388,4,-24.22,0,0.0424,0.909,0.861,0.124,0.0393,67.533,4
spotify:track:2Fxmhks0bxGSBdJ92vM42m,"bad guy","WHEN WE ALL FALL ASLEEP, WHERE DO WE GO?","Billie Eilish",2019-03-29,194087,82,false,,2024-06-08T13:31:17Z,"","Darkroom/Interscope Records",0.701,0.425,7,-10.965,1,0.375,0.328,0.13,0.1,0.562,135.128,4
spotify:track:6vn8dvUpDC4YeaAh3BI25r,"I'm Still Standing","Sing (Original Motion Picture Soundtrack Deluxe)","Taron Egerton",2016-12-09,187853,67,false,,2024-05-28T18:32:55Z,"","Republic/Universal Pictures/Sing",0.588,0.903,10,-4.439,0,0.146,0.00663,0,0.0734,0.691,175.223,4
spotify:track:6jBT9MBVjX4kZ68IV6wHnH,"Moonlight Sonata (3rd Movement)","Moonlight Sonata (3rd Movement)","Rousseau",2018-10-02,429132,52,false,,2024-05-27T13:19:02Z,"classical piano,classical","Rousseau",0.387,0.297,6,-14.608,0,0.0329,0.949,0.894,0.106,0.135,76.885,4
spotify:track:2iuZJX9X9P0GKaE93xcPjk,"Sugar","V","Maroon 5",2014-09-02,235493,82,true,,2024-05-26T15:41:07Z,"pop","Interscope Records*",0.748,0.788,1,-7.055,1,0.0334,0.0591,0,0.0863,0.884,120.076,4
spotify:track:5FVd6KXrgO9B3JPmC8OPst,"Do I Wanna Know?","AM","Arctic Monkeys",2013-09-09,272394,88,false,,2024-05-25T15:09:11Z,"indie,garage rock","Domino Recording Co",0.548,0.532,5,-7.596,1,0.0323,0.186,0.000263,0.217,0.405,85.03,4
spotify:track:0EdMqiKs9LKXhspeQhl4RZ,"Time is Running Out","Absolution","Muse",2003-09-15,236535,74,false,,2024-05-18T13:19:58Z,"alternative rock,rock","Warner Records",0.544,0.892,9,-3.212,0,0.0591,0.000644,0.00266,0.0832,0.317,118.005,4
spotify:track:4eeN8erNIbW2osT0knz5vT,"I Know Him","Hamilton (Original Broadway Cast Recording)","Jonathan Groff",2015-09-25,97979,65,false,,2024-05-17T19:01:41Z,"musicals","Atlantic Records",0.67,0.436,0,-8.636,1,0.364,0.649,0,0.722,0.378,121.581,4
spotify:track:7DSAEUvxU8FajXtRloy8M0,"Flowers","Endless Summer Vacation","Miley Cyrus",2023-08-18,200600,86,false,,2024-05-17T11:30:34Z,"","Columbia",0.706,0.691,0,-4.775,1,0.0633,0.0584,0.0000699,0.0232,0.632,118.048,4
spotify:track:0GVKrtG7QqEYBGOAspofCW,"BLA BLA BLA","RUSH!","Måneskin",2023-01-20,184660,56,true,,2024-05-16T17:59:33Z,"","Epic",0.735,0.729,2,-3.337,1,0.0782,0.016,0,0.159,0.88,147.018,4
spotify:track:2ul2eZHYEiZ16KddVIvWfN,"SHERlocked","Sherlock - Series 2 (Soundtrack from the TV Series)","Michael Price;David Arnold",2012-02-27,224186,0,false,,2024-05-15T06:53:53Z,"soundtrack","Silva Screen Records Ltd",0.158,0.123,9,-21.249,0,0.04,0.809,0.879,0.127,0.0394,133.683,3
spotify:track:2kl3Q2AihSJ9GtXHJQT4lT,"Who You Really Are","Sherlock Series 4: The Final Problem (Original Television Soundtrack)","Michael Price;David Arnold",2017-01-16,155773,0,false,,2024-05-15T06:53:38Z,"soundtrack","Silva Screen Records Ltd",0.205,0.273,9,-15.593,0,0.0588,0.237,0.905,0.0867,0.126,129.811,4
spotify:track:1RT9Wj6g8fPyGubIt0MG3L,"The Game is On","Sherlock (Soundtrack from the TV Series)","Michael Price;David Arnold",2012-01-30,220826,0,false,,2024-05-15T06:49:46Z,"soundtrack","Silva Screen Records Ltd",0.471,0.302,0,-19.294,1,0.0337,0.0705,0.763,0.113,0.0366,119.916,4
spotify:track:1xQqma5dazV3QYVbULiWOD,"Precious Gems","Musings","Salon Dijon",2023-08-28,104440,36,false,,2024-05-12T20:35:02Z,"","Soundstripe Productions LLC",0.581,0.481,7,-10.153,1,0.0503,0.499,0.938,0.0894,0.199,91.465,4
spotify:track:2GTaqPwHbtHb6Co8tIbUim,"Yearning Hearts","Forgotten Odes","Eternal Eclipse",2020-04-07,155458,47,false,,2024-05-08T10:17:22Z,"orchestral","Eternal Eclipse",0.416,0.613,7,-8.877,0,0.0421,0.13,0.697,0.434,0.204,158.102,3
spotify:track:6e3y6sczcHWehxZo528OZ7,"Don't Stop Me Now","Hairy Bikers Roadtrip","Queen",2019-11-01,210600,50,false,,2024-05-01T07:22:35Z,"classic rock,rock,glam rock","UMOD (Universal Music On Demand)",0.556,0.767,5,-9.439,1,0.162,0.0558,0.00109,0.59,0.65,156.519,4
spotify:track:53jnnqFSRGMDB9ADrNriCA,"Bloody Mary","Born This Way (International Special Edition Version)","Lady Gaga",2011-05-23,244760,75,false,,2024-04-17T19:58:43Z,"art pop,pop","Interscope",0.591,0.634,9,-6.365,0,0.0291,0.0107,0.00000195,0.113,0.44,99.998,4
spotify:track:4yQmDtjax2Ye9wY8EPAO1x,"Judas","Born This Way (International Standard Version)","Lady Gaga",2011-05-23,249066,62,false,,2024-04-17T19:40:05Z,"art pop,pop","Interscope",0.661,0.936,10,-3.832,0,0.0742,0.000971,0.0000138,0.36,0.556,131,4
spotify:track:0eH2eHURaXUP15D8gQlfjx,"LoveGame","The Fame","Lady Gaga",2008-01-01,216333,76,false,,2024-04-17T17:58:28Z,"art pop,pop","Streamline/Interscope",0.894,0.678,6,-5.611,0,0.0523,0.00569,0.00000243,0.317,0.844,105.029,4
spotify:track:4fixebDZAVToLbUCuEloa2,"Womanizer","Circus (Deluxe Version)","Britney Spears",2008-12-02,224034,82,false,,2024-04-17T17:43:24Z,"pop","Jive",0.724,0.695,11,-5.226,1,0.0622,0.073,0,0.0889,0.235,139,4
spotify:track:7ySUcLPVX7KudhnmNcgY2D,"S&M","Loud","Rihanna",2010-01-01,243600,86,true,,2024-04-17T11:36:21Z,"","Def Jam Recordings",0.769,0.685,1,-5.019,1,0.041,0.0105,0.000124,0.0887,0.836,127.977,4
spotify:track:1di1BEgJYzPvXUuinsYJGP,"Everybody (Backstreet's Back) - Radio Edit","Backstreet's Back","Backstreet Boys",1997-08-12,225360,80,false,,2024-04-17T11:07:38Z,"","Jive",0.731,0.853,10,-4.219,0,0.0363,0.0352,0,0.268,0.605,108.016,4
spotify:track:3HMY0r2BAdpasXMY8rseR0,"Too Sweet","Unheard","Hozier",2024-03-22,251424,75,false,,2024-04-15T06:41:27Z,"","Rubyworks / Universal-Island Records Ltd.",0.741,0.62,10,-5.505,1,0.0412,0.0295,0.000809,0.0398,0.934,117.038,4
spotify:track:1khwSRuqim7TyvlCD7WDyy,"MARK CHAPMAN","RUSH!","Måneskin",2023-01-20,220167,53,false,,2024-04-13T21:45:26Z,"","Epic",0.443,0.963,4,-1.844,0,0.0639,0.0018,0,0.424,0.24,172.966,4
spotify:track:23eLvOQ3JxtdhRi9YyxRKQ,"Boyfriend","Alchemical: Volume 1","Dove Cameron",2023-12-01,153000,67,true,,2024-04-12T10:06:08Z,"","Disruptor Records/Columbia",0.345,0.612,7,-6.543,0,0.0608,0.232,0,0.194,0.232,179.773,3
spotify:track:1BHxegtBt72LD9vys8eXTJ,"Cloak and Dagger","Forgotten Odes","Eternal Eclipse",2020-04-07,160015,45,false,,2024-04-11T08:18:40Z,"orchestral","Eternal Eclipse",0.224,0.713,9,-8.063,1,0.0666,0.0796,0.381,0.348,0.116,99.701,4
spotify:track:0IXjyCWomNob8V0txFuXXw,"Dangerous Affairs","Virtuoso","Inon Zur",2020-01-22,133139,40,false,,2024-04-11T08:15:55Z,"soundtrack","Seventh Sense",0.623,0.387,2,-10.983,0,0.0419,0.68,0.613,0.141,0.365,150.047,4
spotify:track:5VB5f1ufiZKxBdLzNdVInk,"Wake Me Up","Celloverse","2CELLOS",2015-01-09,249305,49,false,,2024-04-11T07:28:16Z,"classical crossover","Portrait/Sony Masterworks",0.611,0.602,7,-7.48,1,0.0962,0.508,0.0111,0.11,0.749,143.697,4
spotify:track:5rPqo5uyPn5MDoJkkiu8Nr,"Night on Bald Mountain","Mussorgsky: Pictures at an Exhibition & Night on Bald Mountain","Modest Mussorgsky;Leonard Bernstein;New York Philharmonic",1962,660866,48,false,,2024-04-10T13:50:29Z,"classical,orchestral","Sony Classical",0.316,0.244,2,-18.218,1,0.0431,0.911,0.816,0.182,0.0642,105.101,4
spotify:track:66pWxtaxTV8CxcGOvivZeT,"Luminary","Luminary","Joel Sunny",2023-08-31,189000,3,false,,2024-04-09T17:44:49Z,"","Joel Sunny",0.401,0.592,6,-8.897,0,0.0383,0.238,0.0453,0.195,0.379,134.968,4
spotify:track:3SpHy6VRKBMql8JLzxKtND,"Violin Sonata, FP 119: Presto tragico","Poulenc: Violin Sonata / Clarinet Sonata / Cello Sonata","Francis Poulenc;Graf Mourja;Alexandre Tharaud",2000-04-13,363573,0,false,,2024-04-06T21:00:07Z,"impressionism,neoclassical,classical,chamber music,classical piano","Naxos",0.385,0.121,10,-22.468,0,0.0513,0.975,0.206,0.0587,0.123,144.404,4
spotify:track:3590AAEoqH50z4UmhMIY85,"Torna a casa","Il ballo della vita","Måneskin",2018-10-26,230666,65,false,,2024-04-02T12:52:08Z,"","RCA Records Label",0.425,0.638,1,-3.184,0,0.0759,0.426,0,0.177,0.45,81.396,4
spotify:track:3D4J0o9w44QKFrBrYrSVJY,"What Comes Next?","Hamilton (Original Broadway Cast Recording)","Jonathan Groff",2015-09-25,99343,66,false,,2024-03-23T15:19:01Z,"musicals","Atlantic Records",0.515,0.302,7,-10.882,1,0.079,0.603,0,0.199,0.277,114.972,4
spotify:track:1BncfTJAWxrsxyT9culBrj,"Experience","In A Time Lapse","Ludovico Einaudi;Daniel Hope;I Virtuosi Italiani",2013-01-01,315426,78,false,,2024-03-21T12:50:49Z,"neoclassical,classical,contemporary classical","Decca (UMO) (Classics)",0.447,0.449,2,-10.634,1,0.0376,0.934,0.961,0.0697,0.036,92.468,4
spotify:track:4GvPlSOKfN7aXEuGW8zKUx,"GOSSIP (feat. Tom Morello)","GOSSIP (feat. Tom Morello)","Måneskin;Tom Morello",2023-01-13,168280,68,true,,2024-03-06T13:09:28Z,"","Epic",0.706,0.821,9,-2.974,1,0.0617,0.00164,0,0.0981,0.918,139.914,4
spotify:track:64ta7ZvTJeThz7Ns4LmAHS,"Symphony No. 25 in G Minor, K. 183: I. Allegro con brio","Amadeus","Wolfgang Amadeus Mozart;Academy of St. Martin in the Fields;Sir Neville Marriner",2000-01-01,460026,59,false,,2024-03-05T08:16:10Z,"classical,opera,classical piano,chamber music,concerto,baroque,orchestral","Verve (Adult Contemporary)",0.428,0.237,7,-13.764,0,0.0351,0.987,0.896,0.0849,0.357,79.904,4
spotify:track:0PE8ttTjWozIZlsSUVXJao,"F Sharp - Live","So Fucking Rock (Live)","Tim Minchin",2013-11-29,113013,25,true,,2024-03-01T16:59:37Z,"comedy","Laughing Stock",0.51,0.573,2,-7.329,0,0.0632,0.736,0,0.822,0.745,140.679,4
spotify:track:0UVlOQ3EEiTVOctUOnJ00w,"Voilà","On n’enferme pas les oiseaux","Barbara Pravi",2021-08-27,177426,66,false,,2024-02-29T22:12:45Z,"chanson,french pop","Universal Music Division Virgin Records",0.441,0.35,2,-7.958,0,0.0705,0.789,0,0.231,0.614,135.947,4
spotify:track:6axlN6wdRRrzElmyPXuGIC,"Wishing You Were Somehow Here Again - From 'The Phantom Of The Opera' Motion Picture","The Phantom Of The Opera (Original Motion Picture Soundtrack)","Andrew Lloyd Webber;Emmy Rossum",2004-12-10,222946,8,false,,2024-02-28T14:53:50Z,"musicals","UMC (Universal Music Catalogue)",0.219,0.0617,5,-23.181,1,0.0445,0.936,0.0000413,0.106,0.071,83.273,5
spotify:track:1491Kis263uUWf18sDnYSG,"Je te laisserai de mots","Je te laisserai de mots","noel.smt",2022-03-01,124995,1,false,,2024-02-27T22:09:41Z,"","Noel Schmidt",0.405,0.012,0,-29.424,1,0.0357,0.996,0.893,0.108,0.356,131.128,4
spotify:track:22TntnVO3lQNDR5nsvxGRs,"Achilles Come Down","Go Farther In Lightness","Gang of Youths",2017-08-18,422146,67,true,,2024-02-27T21:41:46Z,"","Mosy Music",0.223,0.523,0,-9.281,0,0.0466,0.435,0.283,0.225,0.15,179.83,3
spotify:track:6OG1S805gIrH5nAQbEOPY3,"You'll Be Back","Hamilton (Original Broadway Cast Recording)","Jonathan Groff;Original Broadway Cast of Hamilton",2015-09-25,208321,72,false,,2024-02-26T16:23:40Z,"musicals","Atlantic Records",0.607,0.466,0,-7.562,1,0.0578,0.39,0,0.135,0.434,121.741,4
spotify:track:6rqUOLt9dpfMANLMKTzoWj,"Le temps de l'amour - Stereo Mix","Tous les garçons et les filles","Françoise Hardy",1962-06-30,144826,63,false,,2024-02-23T15:49:55Z,"chanson,french pop,variété française,french jazz","Vogue",0.586,0.412,8,-10.116,0,0.0334,0.798,0,0.152,0.706,132.199,4
spotify:track:496eQC5FPo3dmfNRXPcmps,"La groupie du pianiste - Remasterisé en 2002","Beauséjour (Remasterisé en 2002)","Michel Berger",1980,282813,61,false,,2024-02-23T15:46:44Z,"variété française,chanson,french house,french pop","Warner (France)",0.578,0.751,7,-8.355,0,0.0306,0.527,0.0134,0.0484,0.667,102.905,4
spotify:track:1J03Vp93ybKIxfzYI4YJtL,"MEGALOVANIA","UNDERTALE Soundtrack","Toby Fox",2015-09-15,156000,68,false,,2024-02-21T16:45:18Z,"soundtrack","Materia Collective",0.719,0.632,7,-9.849,1,0.0602,0.000377,0.855,0.0362,0.934,119.987,4
spotify:track:1QV5yBBwqY9odHOVtdJqIq,"Octet in E Flat Major, Op. 20, MWV R20: I. Allegro moderato, ma con fuoco","Mendelssohn: The String Quartets & Octet In Two Parts","Felix Mendelssohn;Emerson String Quartet",2005-01-01,820866,26,false,,2024-02-21T12:36:21Z,"chamber music,classical,classical piano,choral,concerto","Deutsche Grammophon (DG)",0.29,0.149,3,-20.766,1,0.0372,0.885,0.831,0.133,0.237,138.475,4
spotify:track:0bRXwKfigvpKZUurwqAlEh,"Lovely Day","Menagerie","Bill Withers",1977-10-29,257157,80,false,,2024-02-21T09:16:12Z,"soul","Columbia/Legacy",0.692,0.651,9,-8.267,1,0.0324,0.292,0.00241,0.105,0.706,97.923,4
spotify:track:0Yqvv7EV2VYgC299tA5ZaV,"La Valse à mille temps","15 Ans D'Amour","Jacques Brel",1988-01-01,229906,48,false,,2024-02-21T08:16:22Z,"chanson,variété française","Universal Music Division Barclay",0.473,0.455,6,-12.098,1,0.23,0.827,0,0.163,0.79,78,4
spotify:track:6xuxkfM6waS1sCubmjJtCl,"Chanson populaire (Ça s'en va et ça revient)","Chanson populaire","Claude François",1973-02-20,208506,46,false,,2024-02-19T18:35:55Z,"variété française,chanson","Versailles",0.516,0.906,5,-6.168,1,0.0521,0.673,0,0.538,0.956,170.94,4
spotify:track:5mY6WIHXoBsOCSyQxrTg0E,"VALENTINE","RUSH! (ARE U COMING?)","Måneskin",2023-11-10,216997,65,false,,2024-02-18T17:23:54Z,"","Epic",0.475,0.716,2,-4.526,0,0.0277,0.00706,0.00000728,0.13,0.217,94.967,4
spotify:track:0REbBWe0RnsYKd8ZEJicZy,"The Night We Met - Instrumental","The Night We Met (Instrumental)","Taylor Davis;Lara de Wit",2017-08-04,215581,41,false,,2024-02-15T22:35:23Z,"","702000 Records DK2",0.24,0.304,9,-8.223,1,0.0361,0.96,0.366,0.0914,0.0944,125.344,4
spotify:track:48xtu1m8H3O3xv2tBOryeh,"Barber - Concerto for Violin and Orchestra, op. 14: I Allegro","Barber, Korngold, Walton: Violin Concertos","Samuel Barber;James Ehnes;Vancouver Symphony Orchestra;Bramwell Tovey",2006-11-01,629626,12,false,,2024-02-13T16:21:36Z,"classical,concerto,chamber music,ballet,orchestral,brass band,impressionism","Onyx Classics",0.185,0.121,7,-20.595,1,0.046,0.849,0.0659,0.456,0.0398,89.931,4
spotify:track:6tI0TAKHHsKPuqzbBbH8Dl,"Believer","Volume 4","Simply Three",2018-11-16,192832,42,false,,2024-02-12T18:36:44Z,"classical crossover","2018 Simply Three Records",0.541,0.563,9,-5.136,0,0.0372,0.0474,0.907,0.0775,0.383,126.091,4
spotify:track:2DgdHcjWmO3qd50RzuBLgZ,"House of Memories","Death of a Bachelor","Panic! At The Disco",2016-01-15,208706,80,false,,2024-02-12T18:23:01Z,"emo","Decaydance/Fueled By Ramen",0.506,0.817,11,-5.051,0,0.0335,0.00272,0,0.0486,0.506,109.952,4
spotify:track:3lPr8ghNDBLc2uZovNyLs9,"Supermassive Black Hole","Black Holes and Revelations","Muse",2006-06-28,212439,83,false,,2024-02-12T18:12:10Z,"alternative rock,rock","Warner Records",0.668,0.921,7,-3.727,1,0.0439,0.0492,0.00517,0.0877,0.782,120,4
spotify:track:5IqgKK7nGUUmldr3Z1QzUx,"Symphony No. 2 in C Minor, Op. 17, TH.25 - ""Little Russian"": 1. Andante sostenuto - Allegro vivo","Tchaikovsky: The Symphonies","Pyotr Ilyich Tchaikovsky;Los Angeles Philharmonic;Zubin Mehta",2006-01-01,636546,3,false,,2024-02-06T19:33:55Z,"ballet,classical,orchestral,opera","Decca Music Group Ltd.",0.275,0.129,5,-20.023,0,0.0398,0.929,0.912,0.167,0.11,101.31,4
spotify:track:7DD1ojeTUwnW65g5QuZw7X,"I Will Survive - 1981 Re-recording","I Will Survive","Gloria Gaynor",1981,261173,60,false,,2024-02-05T11:08:08Z,"disco","Dessca/Marfontaine",0.668,0.678,9,-10.317,0,0.056,0.00293,0,0.265,0.657,120.029,4
spotify:track:5flerg6aEao2VayZezVlgu,"Insane","Insane","Black Gryph0n;Baasik",2021-06-11,159714,76,false,,2024-02-03T10:06:03Z,"","Black Gryph0n & Baasik",0.716,0.712,4,-5.826,0,0.144,0.193,0,0.823,0.797,104.899,4
spotify:track:5wdyCgTrwctSgjLhwdUWnK,"Dot the Dragon's Eyes","Dot the Dragon's Eyes","Hanneke Cassel",2013-12-01,229226,40,false,,2024-01-31T21:20:41Z,"celtic","Cassel Records",0.647,0.655,4,-6.615,0,0.0495,0.799,0.842,0.0861,0.743,121.049,4
spotify:track:3ham3cKXrqYV3bWhWC4FfZ,"Alone, Pt. II","Alone, Pt. II","ItsAMoney",2020-07-25,132043,12,false,,2024-01-27T14:12:26Z,"","IAM Records",0.392,0.49,6,-8.769,1,0.0462,0.726,0.0226,0.185,0.636,78.093,4
spotify:track:0KTCRnkuq89BvfKJQr3H2n,"Arcade - Violin Version","Arcade - Violin Version","ItsAMoney",2021-04-10,183420,45,false,,2024-01-26T22:13:15Z,"","IAM Records",0.301,0.396,9,-11.78,0,0.0547,0.332,0.312,0.177,0.188,72.295,3
spotify:track:416MsJxvxSKY96DCmbJIRs,"The Hanging Tree - From ""The Hunger Games: Mockingjay"" Soundtraclk","The Hunger Games: Mockingjay Pt. 1 (Original Motion Picture Score)","James Newton Howard;Jennifer Lawrence",2014-11-21,218506,71,false,,2024-01-26T16:38:40Z,"soundtrack,score","Hunger Games 3/Mockingjay",0.213,0.0743,9,-18.071,0,0.0408,0.344,0.0000345,0.212,0.145,53.863,4
spotify:track:7oJ3Nb3LIY1ond1fHF3xio,"MAMMAMIA","RUSH!","Måneskin",2023-01-20,186809,68,true,,2024-01-26T16:20:04Z,"","Epic",0.768,0.676,1,-3.277,0,0.0633,0.00062,0,0.0965,0.801,142.063,4
spotify:track:2nPDVMzNwp0FlfMin1U89C,"Symphony No. 5 In E Minor, Op. 64, TH.29: 2. Andante cantabile, con alcuna licenza - Moderato con anima","Tchaikovsky: The Symphonies","Pyotr Ilyich Tchaikovsky;Los Angeles Philharmonic;Zubin Mehta",2006-01-01,715426,2,false,,2024-01-26T10:32:22Z,"ballet,classical,orchestral,opera","Decca Music Group Ltd.",0.0762,0.0749,2,-20.346,1,0.0439,0.936,0.885,0.103,0.0388,79.71,3
spotify:track:0PX8snN8aQLPugKwjEdL6c,"Slavonic March, Op. 31, TH.45","Tchaikovsky: The Symphonies","Pyotr Ilyich Tchaikovsky;Los Angeles Philharmonic;Zubin Mehta",2006-01-01,548146,2,false,,2024-01-26T10:09:08Z,"ballet,classical,orchestral,opera","Decca Music Group Ltd.",0.317,0.428,10,-15.603,0,0.0484,0.864,0.851,0.0917,0.176,113.893,4
spotify:track:1teaqX9A3N5laAkQZxdlxJ,"Symphony No. 4 In F Minor, Op. 36, TH.27: 2. Andantino in modo di canzone","Tchaikovsky: The Symphonies","Pyotr Ilyich Tchaikovsky;Los Angeles Philharmonic;Zubin Mehta",2006-01-01,563066,2,false,,2024-01-25T16:46:04Z,"ballet,classical,orchestral,opera","Decca Music Group Ltd.",0.124,0.0414,10,-20.242,0,0.043,0.923,0.796,0.136,0.0467,67.936,4
spotify:track:7tzwUHS15iFegvH3JsXEqA,"grandpa's violine",".hack//Liminality ORIGINAL SOUNDTRACK","Yuki Kajiura",2018-02-28,147700,14,false,,2024-01-25T13:47:22Z,"anime,soundtrack","Victor",0.265,0.202,9,-12.332,1,0.0361,0.967,0.246,0.112,0.152,103.439,3
spotify:track:2jXJFfDELb6Q8xVmnV3ZYp,"Marche slave, Op. 31, TH 45 “Slavonic March”","Tchaikovsky: Ouverture Solenelle Op. 49 ""1812""; Fantasy Overture ""The Tempest""; Marche Slave, Op. 31; Fantasy Overture ""Romeo and Juliet""","Pyotr Ilyich Tchaikovsky;Berliner Philharmoniker;Claudio Abbado",1999-01-01,635000,35,false,,2024-01-24T12:23:26Z,"ballet,classical,orchestral,opera,impressionism,concerto,expressionism","Deutsche Grammophon (DG)",0.291,0.351,10,-15.951,0,0.0494,0.888,0.9,0.169,0.152,99.714,4
spotify:track:607sF1ISzfKaWa29eF3I14,"Quand on n'a que l'amour - Arrangements différents","15 Ans D'Amour","Jacques Brel",1988-01-01,153666,47,false,,2024-01-24T08:09:57Z,"chanson,variété française","Universal Music Division Barclay",0.48,0.219,8,-13.512,0,0.0554,0.928,0.0000205,0.116,0.51,148.757,4
spotify:track:5cC9RZFMzrpbA9U1m4zSPm,"Je suis venu te dire que je m'en vais","Vu de l'extérieur","Serge Gainsbourg",1973-01-01,203800,54,false,,2024-01-23T22:42:25Z,"chanson,variété française,french pop,french jazz,french house","Universal Music Division Mercury Records",0.577,0.51,9,-13.74,1,0.0364,0.0666,0.51,0.241,0.851,154.645,4
spotify:track:32Vay1uNcoabTzc9Oq3pIB,"Alexandrie Alexandra - Mix 40ème anniversaire","Alexandrie Alexandra (Mix 40ème anniversaire)","Claude François",2017-12-08,299773,26,false,,2024-01-23T22:14:42Z,"variété française,chanson","Warner (France)",0.717,0.808,11,-4.755,0,0.0851,0.102,0,0.0507,0.794,125.777,4
spotify:track:7zjkSx1EUums3s1Yg2jPJD,"Le sud","Nino Ferrer","Nino Ferrer",2004-01-01,275040,58,false,,2024-01-23T22:09:17Z,"variété française,chanson,french pop,french house","Universal Music Division Barclay",0.534,0.56,4,-7.565,1,0.0236,0.451,0.0000963,0.11,0.599,89.885,4
spotify:track:3dkIE8P7hvl3tHl9KSb6dA,"Non, je ne regrette rien","Eternelle","Édith Piaf",1987-10-31,142280,67,false,,2024-01-23T21:55:26Z,"chanson,variété française,french jazz","Parlophone (France)",0.382,0.354,7,-6.595,1,0.0289,0.858,0.00000311,0.168,0.435,87.018,4
spotify:track:280p8WbpK05bAptetUzEcx,"Disparue","Disparue - EP","Jean-Pierre Mader",1984,189000,48,false,,2024-01-23T12:29:25Z,"variété française","Wagram Music",0.854,0.691,2,-8.651,0,0.0322,0.0265,0.0000393,0.0868,0.86,125.036,4
spotify:track:0knbMPVHpFbsx38pLoYSRs,"Hysteria","Absolution","Muse",2003-09-15,227023,78,false,,2024-01-23T08:47:12Z,"alternative rock,rock","Warner Records",0.256,0.911,0,-4.479,1,0.0868,0.0000858,0.000925,0.232,0.428,186.078,4
spotify:track:0gucTLf7trAf37Ua1uAyAu,"Smells Like Teen Spirit - Remastered","Nevermind (30th Anniversary Super Deluxe)","Nirvana",1991-09-24,300893,57,false,,2024-01-23T08:29:21Z,"grunge,rock","Geffen",0.489,0.918,1,-4.502,1,0.0554,0.0000353,0.0000764,0.0908,0.691,116.731,4
spotify:track:1vYXt7VSjH9JIM5oRRo7vA,"Dance The Night - From Barbie The Album","Dance The Night (From Barbie The Album)","Dua Lipa",2023-05-25,176579,80,false,,2024-01-23T08:25:26Z,"pop","Atlantic Records",0.671,0.845,11,-4.93,0,0.048,0.0207,0,0.329,0.775,110.056,4
spotify:track:1FEiijYPJtyswChfcpv3p0,"Summertime Sadness","Born To Die (Deluxe Version)","Lana Del Rey",2011-01-01,264773,64,false,,2024-01-22T18:49:02Z,"","Polydor Records",0.568,0.646,1,-6.793,0,0.0332,0.0464,0,0.121,0.211,111.945,4
spotify:track:3dPQuX8Gs42Y7b454ybpMR,"Seven Nation Army","Elephant","The White Stripes",2003-04-01,232106,85,false,,2024-01-22T18:34:37Z,"garage rock,blues rock,rock,alternative rock","Legacy Recordings",0.743,0.446,4,-7.807,0,0.0683,0.0039,0.118,0.337,0.278,123.596,4
spotify:track:2E43WFS4rRc09za2r2GmZl,"My Songs Know What You Did In The Dark (Light Em Up)","Save Rock And Roll","Fall Out Boy",2013-04-12,186826,78,false,,2024-01-22T18:30:12Z,"emo,pop punk","Island Records",0.557,0.924,9,-4.341,0,0.064,0.0271,0.00000332,0.537,0.566,151.988,4
spotify:track:644es5aYPJghtZLjM1rmSP,"Concerning Hobbits","The Lord of the Rings: The Fellowship of the Ring (Original Motion Picture Soundtrack)","Howard Shore",2001-11-19,175040,67,false,,2024-01-22T08:26:02Z,"soundtrack,score","Reprise",0.488,0.0629,2,-21.524,1,0.0342,0.843,0.406,0.133,0.175,104.311,4
spotify:track:6RhwECb503Mc6B881j7ZEw,"Czardas (Arr. Lakatos for Violin & Piano)","Violin Encores","Vittorio Monti;Lakatos",2011-01-01,247893,20,false,,2024-01-21T20:47:25Z,"classical","Decca Music Group Ltd.",0.381,0.226,2,-18.136,0,0.0554,0.934,0.486,0.095,0.348,104.121,4
spotify:track:0Z8N2t2ESzixtZAOOiQYEu,"Sonata for Violin and Guitar in A Minor, Op. 2, No. 6, MS 26: Tempo di Walzer","Paganini: Music for Violin and Guitar, Vol. 2","Niccolò Paganini;Scott St. John;Simon Wynberg",1994-05-27,98973,54,false,,2024-01-21T20:45:23Z,"classical,baroque","Naxos",0.555,0.151,9,-16.742,0,0.0477,0.882,0.573,0.0832,0.732,146.782,3
spotify:track:3TSRH5IgWTHc8QZSAmo4bz,"Cross My Heart I Hope U Die","Cross My Heart I Hope U Die","Meg Smith",2020-08-21,168874,49,false,,2024-01-21T12:32:43Z,"","NHMM LLC",0.889,0.687,11,-4.977,0,0.0572,0.125,0.0497,0.14,0.666,109.991,4
spotify:track:51v7yO07BdGgP6hv0OaDe2,"Romantic Flight - From How To Train Your Dragon Music From The Motion Picture","How To Train Your Dragon (Music From The Motion Picture)","John Powell",2010-01-01,116480,62,false,,2024-01-19T16:50:22Z,"soundtrack,score","Varese Sarabande",0.221,0.32,6,-11.829,1,0.0315,0.47,0.864,0.114,0.234,103.511,3
spotify:track:1e2QVQsoNAwAFROq8kN7M8,"Symphony No. 40 in G Minor, K. 550: I. Molto allegro","Mozart: Symphony No. 40 in G Minor, K. 550: I. Molto allegro","Wolfgang Amadeus Mozart;Il Pomo D'oro;Maxim Emelyanychev",2023-10-13,422240,37,false,,2024-01-19T08:23:26Z,"classical,opera,classical piano,chamber music,concerto,baroque","Aparté",0.346,0.295,7,-14.477,0,0.044,0.941,0.341,0.112,0.113,120.267,4
spotify:track:2Pjkku2SZrbCTygKVBxUM3,"Abdelazer: Rondeau","Essential Baroque","Henry Purcell;Academy of St. Martin in the Fields;Sir Neville Marriner",2006-01-01,97000,44,false,,2024-01-19T08:15:12Z,"baroque,early music,classical,choral,opera,chamber music,concerto,orchestral","Decca Music Group Ltd.",0.404,0.177,2,-16.993,0,0.0405,0.959,0.793,0.109,0.261,84.835,3
spotify:track:08B8Ki7qlUoT58Zd1trxkl,"Requiem In D Minor, K. 626: Sequence: VI. Lacrimosa Dies Illa","Mozart: Requiem In D Minor","Slovak Philharmonic;Jaroslava Horska;Vladimir Ruso;Peter Mikulas;Stefan Klimo;Slovak Philharmonic Chorus;Jozef Kundlák;Magdaléna Hajóssyová;Wolfgang Amadeus Mozart",1989-04-15,198666,65,false,,2024-01-19T08:11:37Z,"classical,orchestral,opera,classical piano,chamber music,concerto","Naxos",0.0733,0.0951,2,-24.366,0,0.0418,0.957,0.644,0.568,0.0731,180.489,5
spotify:track:6lo128WdLt7xP5Ejvsq1ym,"Csárdás","Gypsic","Vittorio Monti;Sarah Nemtanu;Chilly Gonzales",2010-05-31,333533,55,false,,2024-01-19T07:26:36Z,"classical,neoclassical","naïve classique",0.381,0.47,2,-9.553,1,0.0517,0.688,0.025,0.0855,0.304,78.08,4
spotify:track:3KfTNPTRmUpKpNGD1rKQzh,"Spanish Flame","Symphonie sur glace, vol. 2 (Musique pour patinage artistique)","Maxime Rodriguez",2014,160453,35,false,,2024-01-19T07:26:13Z,"tango","Ascot Music",0.609,0.716,9,-7.701,0,0.0491,0.316,0.85,0.0687,0.763,132.898,4
spotify:track:70RecAVg5QudOXfJs64sM5,"Planetarium","La La Land (Original Motion Picture Soundtrack)","Justin Hurwitz",2016-12-09,257279,62,false,,2024-01-19T07:24:48Z,"score","UMGRI Interscope",0.248,0.142,7,-15.443,1,0.0379,0.92,0.733,0.548,0.0439,128.841,4
spotify:track:6UKrqWqzDTCYBCH2OXAMC3,"I've Never Been There","Cascade Street","Yann Tiersen",1996,95093,1,false,,2024-01-19T07:24:44Z,"","Ici d'ailleurs",0.638,0.384,7,-7.193,1,0.047,0.926,0.341,0.44,0.766,99.967,4
spotify:track:0HRyrj2c5TN8R4I4rehpSg,"Adagio in C Minor","Succession: Season 1 (HBO Original Series Soundtrack)","Nicholas Britell",2019-08-09,90013,60,false,,2024-01-19T07:24:12Z,"score","Milan",0.159,0.0809,0,-17.866,0,0.0421,0.87,0.961,0.105,0.0363,131.447,4
spotify:track:07q0QVgO56EorrSGHC48y3,"I Was Made For Lovin' You","Dynasty","KISS",1979-03-23,271240,85,false,,2024-01-19T07:23:29Z,"glam rock,glam metal,hard rock,rock,classic rock","Casablanca Records",0.768,0.852,4,-6.215,1,0.038,0.214,0.0000736,0.0723,0.867,128.373,4
spotify:track:1TfqLAPs4K3s2rJMoCokcS,"Sweet Dreams (Are Made of This) - 2005 Remaster","Sweet Dreams (Are Made Of This)","Eurythmics;Annie Lennox;Dave Stewart",1983-01-04,216933,85,false,,2024-01-19T07:22:54Z,"new wave,synthpop","RCA Records Label",0.692,0.711,0,-7.498,0,0.0317,0.225,0,0.12,0.875,125.135,4
spotify:track:0cGG2EouYCEEC3xfa0tDFV,"Tainted Love","Non-Stop Erotic Cabaret","Soft Cell",1981,153800,77,false,,2024-01-19T07:22:39Z,"synthpop,new wave","EMI",0.5,0.501,0,-8.284,0,0.0376,0.462,0,0.26,0.623,144.438,4
spotify:track:63T7DJ1AFDD6Bn8VzG6JE8,"Paint It, Black","Aftermath","The Rolling Stones",1966-04-15,202266,83,false,,2024-01-19T07:22:15Z,"classic rock,rock","ABKCO Music and Records, Inc.",0.464,0.795,1,-9.267,1,0.0926,0.0493,0.00244,0.399,0.612,158.691,4
spotify:track:39shmbIHICJ2Wxnk1fPSdz,"Should I Stay or Should I Go - Remastered","Combat Rock (Remastered)","The Clash",1982,188987,84,false,,2024-01-19T07:22:10Z,"punk","Sony Music UK",0.743,0.836,2,-6.465,1,0.116,0.0804,0,0.384,0.82,113.375,4
spotify:track:1xsYj84j7hUDDnTTerGWlH,"Dream On","Aerosmith","Aerosmith",1973-01-05,267596,85,false,,2024-01-19T07:21:18Z,"classic rock,rock","Aerosmith P&D - Sony",0.392,0.476,1,-7.583,1,0.0249,0.397,0.000163,0.309,0.234,78.031,4
spotify:track:5ql64tgcioaawf4CgM1wcN,"Danse hongroise n°5","Les grands classiques de Mozart à Beethoven","Johannes Brahms;Bratislava Chamber Ensemble;Bratislava Radio Symphony Orchestra;Slovak Philharmonic",1995,134448,47,false,,2024-01-19T07:20:30Z,"classical,classical piano,chamber music,orchestral","Pierre Verany",0.421,0.113,2,-20.535,0,0.04,0.891,0.019,0.0885,0.711,133.764,3
spotify:track:17i5jLpzndlQhbS4SrTd0B,"Cello Suite No. 1 in G Major, BWV 1007: I. Prélude","Bach: Cello Suites Nos. 1, 5 & 6","Johann Sebastian Bach;Yo-Yo Ma",1983,152280,70,false,,2024-01-19T07:20:24Z,"baroque,classical,classical piano,concerto,early music,chamber music","Sony Classical",0.275,0.157,7,-18.752,1,0.0636,0.89,0.842,0.186,0.304,73.289,4
spotify:track:4FycxLfl7H5CQnqw9J6LXZ,"Palladio: I. Allegretto","Quirk","Karl Jenkins;Carmine Lauri;David Alberman;London Symphony Orchestra",2008,226880,64,false,,2024-01-19T07:19:16Z,"new age,choral,classical,neoclassical,orchestral,ballet,opera","Decca (UMO) (Classics)",0.53,0.339,2,-16.973,0,0.0419,0.567,0.874,0.102,0.0719,90.041,4
spotify:track:7HB1REjjalFLSXgXlAAwFs,"Concerto for Strings in G Major, RV 151, ""Alla Rustica"": I. Presto","Vivaldi: Concertos for Strings","Antonio Vivaldi;Accademia I Filarmonici;Alberto Martini",1997-03-27,79840,55,false,,2024-01-19T07:19:02Z,"baroque,classical,concerto,early music","Naxos",0.433,0.291,2,-17.56,1,0.0501,0.903,0.907,0.367,0.631,106.65,1
spotify:track:0bSHwuTOZVJUXWT03H9oD2,"Succession (Main Title Theme)","Succession: Season 1 (HBO Original Series Soundtrack)","Nicholas Britell",2019-08-09,102013,67,false,,2024-01-19T07:18:43Z,"score","Milan",0.366,0.471,8,-6.369,1,0.0363,0.000226,0.868,0.0673,0.037,140.142,4
spotify:track:0oN921mKYPOVYhKceZofrs,"Ghost Waltz","Penny Dreadful: Seasons 2 & 3 (Music From The Showtime Original Series)","Abel Korzeniowski",2016-12-16,170893,53,false,,2024-01-19T07:18:09Z,"","Varese Sarabande",0.148,0.25,7,-15.961,1,0.0334,0.906,0.775,0.12,0.162,171.567,3
spotify:track:2kf9er2OtWKnZsBcZuGJmY,"Once Upon a December","Once Upon a December","Invadable Harmony",2019-12-20,150784,0,false,,2024-01-19T07:17:58Z,"","Invadable Harmony under exclusive license to Amuseio AB",0.24,0.123,11,-20.49,0,0.0343,0.976,0.92,0.11,0.0918,144.117,3
spotify:track:6h7ixSEuRKEDgyRe1EzFKi,"Le roi s'amuse: Pavane","Delibes: Best of French Ballet","Léo Delibes;Slovak Philharmonic;Ondrej Lenard",1990-11-06,88000,45,false,,2024-01-19T07:17:45Z,"ballet,opera,classical,orchestral","Naxos",0.199,0.0116,10,-33.62,1,0.0389,0.951,0.945,0.152,0.241,90.921,4
spotify:track:5lm18pjbwdth6ENVllxjfl,"Ballerina","Preludes, Book 1 - Streams","Yehezkel Raz",2019-12-10,71581,71,false,,2024-01-19T07:17:31Z,"","Artlist Original",0.376,0.0207,3,-35.713,1,0.0678,0.993,0.954,0.0938,0.429,75.607,1
spotify:track:0HzMD3JskQJGGVgEOfMeoA,"Enemies to Lovers","Enemies to Lovers","Joshua Kyan Aalampour",2022-02-22,225177,0,false,,2024-01-19T07:16:46Z,"classical","Joshua Kyan Aalampour",0.221,0.259,2,-16.038,1,0.0338,0.964,0.942,0.205,0.124,154.07,3
spotify:track:65QiDjsXKQ2l3n8c9hnOtN,"The Vampire Masquerade","The Edge of Darkness","Peter Gundry",2015-07-25,191250,55,false,,2024-01-19T07:15:59Z,"celtic","Peter Gundry",0.513,0.19,1,-14.692,0,0.0294,0.908,0.946,0.127,0.665,159.981,3
spotify:track:0rUi4aSkmfRE1tJ5qLC9g3,"Violin Concerto No. 9 in G Major, Op. 8: I. Allegro","Saint-Georges: Violin Concertos Op. 5, Nos. 1-2 and Op. 8","Joseph Boulogne Chevalier de Saint-Georges;Takako Nishizaki;Cologne Chamber Orchestra;Helmut Müller-Brühl",2001-04-16,698333,24,false,,2024-01-19T07:10:18Z,"classical,baroque,concerto,chamber music","Naxos",0.341,0.0897,2,-21.5,1,0.0421,0.957,0.916,0.158,0.331,136.832,4
spotify:track:1jWQ4n73jdT7y9gR2VHu0g,"Winter 1 - 2012","Recomposed By Max Richter: Vivaldi, The Four Seasons","Max Richter;Daniel Hope;Raphael Alpermann;Konzerthaus Kammerorchester Berlin;Andre de Ridder",2014-01-01,180560,48,false,,2024-01-18T09:34:32Z,"neoclassical,contemporary classical,minimalism,classical,ambient","Deutsche Grammophon (DG)",0.482,0.61,5,-12.196,0,0.0811,0.736,0.9,0.302,0.485,150.861,4
spotify:track:6VObnIkLVruX4UVyxWhlqm,"Skyfall","Skyfall","Adele",2012-10-04,286081,86,false,,2024-01-17T18:03:07Z,"soft pop","XL Recordings/Columbia",0.346,0.552,0,-6.864,0,0.0282,0.417,0,0.114,0.0789,75.881,4
spotify:track:2cFaQym2TI278kypXZ21W1,"Symphony No. 7 in A Major, Op. 92: IV. Allegro con brio","Beethoven: Symphonies Nos. 5 & 7","Ludwig van Beethoven;Wiener Philharmoniker;Carlos Kleiber",1995-02-20,518625,26,false,,2024-01-17T17:49:10Z,"classical,classical piano,chamber music,opera,orchestral,concerto","Deutsche Grammophon (DG)",0.334,0.321,9,-16.329,1,0.0557,0.923,0.903,0.105,0.418,75.363,4
spotify:track:1FnCsxV5IqRBm0BgKuompQ,"Symphony No. 7 in A Major, Op. 92: III. Presto - Assai meno presto","Beethoven: Symphonies Nos. 5 & 7","Ludwig van Beethoven;Wiener Philharmoniker;Carlos Kleiber",1995-02-20,494000,25,false,,2024-01-17T17:49:05Z,"classical,classical piano,chamber music,opera,orchestral,concerto","Deutsche Grammophon (DG)",0.252,0.118,2,-21.649,1,0.0679,0.919,0.522,0.107,0.135,69.169,4
spotify:track:4zpAd3OLeEfMI9V6WykeTd,"Symphony No. 7 in A Major, Op. 92: II. Allegretto","Beethoven: Symphonies Nos. 5 & 7","Ludwig van Beethoven;Wiener Philharmoniker;Carlos Kleiber",1995-02-20,487000,36,false,,2024-01-17T17:49:03Z,"classical,classical piano,chamber music,opera,orchestral,concerto","Deutsche Grammophon (DG)",0.151,0.0185,4,-25.951,0,0.0335,0.947,0.041,0.0809,0.0741,72.568,4
spotify:track:0iC55tzO1kDDMXm23rmWeX,"Symphony No. 7 in A Major, Op. 92: I. Poco sostenuto - Vivace","Beethoven: Symphonies Nos. 5 & 7","Ludwig van Beethoven;Wiener Philharmoniker;Carlos Kleiber",1995-02-20,814000,27,false,,2024-01-17T17:48:59Z,"classical,classical piano,chamber music,opera,orchestral,concerto","Deutsche Grammophon (DG)",0.392,0.13,9,-19.635,1,0.0437,0.953,0.311,0.0895,0.111,108.854,4
spotify:track:3FW6Uut3vRf9KmHPABKyku,"Symphony No. 5 in C Minor, Op. 67: IV. Allegro","Beethoven: Symphonies Nos. 5 & 7","Ludwig van Beethoven;Wiener Philharmoniker;Carlos Kleiber",1995-02-20,661360,28,false,,2024-01-17T17:48:52Z,"classical,classical piano,chamber music,opera,orchestral,concerto","Deutsche Grammophon (DG)",0.257,0.281,0,-15.744,1,0.0335,0.948,0.887,0.0924,0.343,87.111,4
spotify:track:0kRNiQl7YETxX1z42NuYE4,"Symphony No. 5 in C Minor, Op. 67: III. Allegro","Beethoven: Symphonies Nos. 5 & 7","Ludwig van Beethoven;Wiener Philharmoniker;Carlos Kleiber",1995-02-20,308826,33,false,,2024-01-17T17:48:46Z,"classical,classical piano,chamber music,opera,orchestral,concerto","Deutsche Grammophon (DG)",0.259,0.062,8,-22.438,1,0.0434,0.901,0.192,0.286,0.211,80.561,4
spotify:track:4osr91qBvatFVDPq1wPGGZ,"Symphony No. 5 in C Minor, Op. 67: II. Andante con moto","Beethoven: Symphonies Nos. 5 & 7","Ludwig van Beethoven;Wiener Philharmoniker;Carlos Kleiber",1995-02-20,601413,28,false,,2024-01-17T17:48:43Z,"classical,classical piano,chamber music,opera,orchestral,concerto","Deutsche Grammophon (DG)",0.124,0.0236,8,-19.966,1,0.0367,0.955,0.359,0.0556,0.0657,75.633,3
spotify:track:02EjNQRJohFLY4NaXiFdH1,"Symphony No. 5 in C Minor, Op. 67: I. Allegro con brio","Beethoven: Symphonies Nos. 5 & 7","Ludwig van Beethoven;Wiener Philharmoniker;Carlos Kleiber",1995-02-20,441946,58,false,,2024-01-17T17:48:39Z,"classical,classical piano,chamber music,opera,orchestral,concerto","Deutsche Grammophon (DG)",0.265,0.214,0,-18.705,0,0.0379,0.951,0.908,0.0905,0.2,98.474,4
spotify:track:3Q8zopc4ABXhysDb1sgLVW,"Porn Star Dancing","My Darkest Days","My Darkest Days;Chad Kroeger;Zakk Wylde",2010-01-01,199013,69,true,,2024-01-17T08:21:08Z,"","Mountain View Records / IDJ",0.477,0.917,2,-3.399,1,0.0814,0.0139,0,0.0756,0.267,160.021,4
spotify:track:14iN3o8ptQ8cFVZTEmyQRV,"I Kissed A Girl","One Of The Boys","Katy Perry",2008-06-17,179640,76,false,,2024-01-15T19:55:48Z,"pop","Capitol Records",0.702,0.76,5,-3.174,1,0.0684,0.00226,0,0.132,0.696,129.996,4
spotify:track:7j31rVgGX9Q2blT92VBEA0,"Teenagers","The Black Parade","My Chemical Romance",2006-10-20,161920,83,false,,2024-01-15T18:33:03Z,"emo,pop punk","Reprise",0.463,0.857,4,-3.063,1,0.0632,0.0506,0,0.184,0.856,111.647,4
spotify:track:5ZUachQ574VccyTQL2MXRR,"Prelude In D Minor, BWV 926 : Prelude In D Minor, BWV 926","J. S. Bach: Italian Concerto / Chromatic Fantasia And Fugue / 12 Little Preludes","Janos Sebestyen;Johann Sebastian Bach",1993-02-10,75533,48,false,,2024-01-14T16:51:37Z,"classical,classical piano,baroque,concerto,early music","Naxos",0.354,0.183,7,-25.575,0,0.0448,0.993,0.897,0.12,0.529,125.519,3
spotify:track:1ITV1k9laGrWUpagayejMQ,"LIVIDI SUI GOMITI","Teatro d'ira - Vol. I","Måneskin",2021-03-19,165786,54,true,,2024-01-14T11:01:06Z,"","RCA Records Label",0.474,0.95,7,-2.762,1,0.0898,0.00646,0.000397,0.177,0.67,176.491,4
spotify:track:5wXzvEwBZLf7x9XqRGbU4z,"Easy Street (feat. Jim Bianco & Petra Haden)","Easy Street (feat. Jim Bianco & Petra Haden)","The Collapsable Hearts Club;Jim Bianco;Petra Haden",2017-03-21,105000,46,false,,2024-01-14T10:59:52Z,"","Ultra Records, LLC",0.667,0.807,0,-0.515,1,0.23,0.342,0.0000131,0.0298,0.959,176.106,4
spotify:track:2QTDuJIGKUjR7E2Q6KupIh,"Test Drive - From How To Train Your Dragon Music From The Motion Picture","How To Train Your Dragon (Music From The Motion Picture)","John Powell",2010-01-01,156306,66,false,,2024-01-13T22:29:33Z,"soundtrack,score","Varese Sarabande",0.259,0.583,2,-9.489,1,0.0418,0.0249,0.978,0.328,0.24,111.153,4
spotify:track:1PYKYcOeakpm7ptx8VmR4N,"I Dreamed a Dream (feat. Tom Ellis & Dennis Haysbert)","Lucifer: Season 5 - Bloody Celestial Karaoke Jam (Special Episode Soundtrack)","Lucifer Cast;Dennis Haysbert;Tom Ellis",2021-05-28,180680,39,false,,2024-01-11T21:53:14Z,"","WaterTower Music",0.408,0.217,10,-13.166,1,0.0337,0.923,0.00992,0.142,0.152,138.087,4
spotify:track:01zjzsmCRsvCEAE0hlWuC6,"You Put A Spell On Me","You Put A Spell On Me","Austin Giorgio",2023-02-10,157813,0,false,,2024-01-11T16:21:33Z,"","RetroGio Productions, LLC",0.516,0.446,11,-6.828,0,0.0322,0.329,0.00000982,0.134,0.438,179.814,3
spotify:track:1f9INE3upWBEyjwPNuBlZa,"Requiem, K. 626: Confutatis","Mozart: Requiem Realisations","Wolfgang Amadeus Mozart;Academy of Ancient Music;Stephen Cleobury;Choir of King's College, Cambridge",2013-04-08,156826,41,false,,2024-01-11T16:06:28Z,"classical,opera,classical piano,chamber music,concerto,baroque,choral,hymns,christmas","Kings College Cambridge",0.216,0.0747,5,-25.119,1,0.0414,0.976,0.415,0.205,0.0344,66.779,3
spotify:track:4rtYZSVbq8IgsGENUGt00c,"Jesu, der du meine Seele, Cantata BWV 78: 1. Chorus: Jesu. der du meine Seele","Bach, J.S.: Cantatas Nos. 8, 78 & 99","Johann Sebastian Bach;Julianne Baird;Allan Fast;Frank Kelly;Jan Opalach;The Bach-Ensemble;Joshua Rifkin",1989-06-28,310826,9,false,,2024-01-08T21:20:25Z,"baroque,classical,classical piano,concerto,early music,renaissance,opera,chamber music,expressionism,choral,ragtime","Decca Music Group Ltd.",0.18,0.127,6,-21.769,0,0.0432,0.94,0.269,0.1,0.151,87.761,4
spotify:track:38RLObegC9ggpKPRVQDc1g,"AMERICAN HORROR SHOW","AMERICAN HORROR SHOW","Snow Wife",2023-06-23,149391,62,true,,2024-01-08T17:42:13Z,"","SNOWGLOBE",0.63,0.763,2,-4.89,1,0.0892,0.0393,0,0.7,0.295,162.152,4
spotify:track:6NgYIETQ8U72CVfkzYhK30,"Fairytale","Fairytales","Alexander Rybak",2009-05-29,183093,70,false,,2024-01-08T11:02:02Z,"","Alexander Rybak",0.586,0.714,2,-6.414,0,0.0271,0.434,0.0000187,0.32,0.593,107.964,4
spotify:track:2YHgqZYn0kYQM9v8nwiqsX,"Libertango (Arr. P. Von Wienhardt for Violin & Piano)","Violino Latino","Arabella Steinbacher;Peter von Wienhardt",2016-01-01,166373,0,false,,2024-01-07T12:27:15Z,"concerto,classical,impressionism,chamber music","Orfeo",0.476,0.169,9,-18.034,0,0.04,0.974,0.768,0.12,0.466,141.059,4
spotify:track:7wsR6WmiibdwfpcVjel4a9,"Kill Of The Night","Man Like That EP","Gin Wigmore",2012-01-01,205306,18,false,,2024-01-07T12:01:35Z,"","Universal Music Australia Pty. Ltd.",0.498,0.71,0,-5.675,1,0.0515,0.00989,0.0000834,0.364,0.538,125.93,4
spotify:track:0USBPlZeGEvIo5YQVBeEZu,"I Want to Be Evil (feat. Lesley Ann-Brandt)","Lucifer: Seasons 1-5 (Original Television Soundtrack)","Lucifer Cast;Lesley-Ann Brandt",2020-08-21,120640,32,false,,2024-01-06T15:33:08Z,"","WaterTower Music",0.366,0.34,5,-8.359,0,0.0369,0.418,0,0.102,0.332,79.182,4
spotify:track:4pt5fDVTg5GhEvEtlz9dKk,"I WANNA BE YOUR SLAVE","Teatro d'ira - Vol. I","Måneskin",2021-03-19,173346,83,true,,2024-01-03T12:34:53Z,"","RCA Records Label",0.75,0.608,1,-4.008,1,0.0387,0.00165,0,0.178,0.958,132.507,4
spotify:track:3dYD57lRAUcMHufyqn9GcI,"Take Me To Church","Hozier","Hozier",2014-09-19,241688,84,false,,2024-01-03T12:30:48Z,"","Universal-Island Records Ltd.",0.575,0.664,4,-5.303,0,0.0481,0.637,0,0.116,0.437,129.071,4
spotify:track:14rZjW3RioG7WesZhYESso,"Comptine d'un autre été, l'après-midi","Le Fabuleux destin d'Amélie Poulain (Bande originale du film)","Yann Tiersen",2001-04-23,140733,73,false,,2024-01-02T22:10:52Z,"","UGC Images/ADA France",0.483,0.192,4,-15.378,0,0.0469,0.991,0.908,0.106,0.0542,100.848,4
spotify:track:1AM8QdDFZMq6SrrqUnuQ9P,"Feeling Good","It's Time","Michael Bublé",2005-02-08,237333,72,false,,2024-01-02T22:04:23Z,"christmas","143/Reprise",0.535,0.548,1,-6.51,1,0.037,0.533,0.00000148,0.123,0.477,115.144,3
spotify:track:5a9dvzfd7fJYarntr1ujrT,"#SherlockLives","Sherlock: Music from Series 3 (Original Television Soundtrack)","David Arnold;Michael Price",2014-03-04,169346,0,false,,2024-01-02T20:01:00Z,"soundtrack","Silva Screen Records",0.232,0.199,2,-17.292,1,0.0417,0.27,0.945,0.252,0.0694,78.142,4
spotify:track:5Rb6UfzLIezOnXTqoNtLeR,"How It Was Done","Sherlock: Music from Series 3 (Original Television Soundtrack)","David Arnold;Michael Price",2014-03-04,164226,0,false,,2024-01-02T19:53:44Z,"soundtrack","Silva Screen Records",0.509,0.841,9,-11.724,1,0.0389,0.000518,0.668,0.232,0.497,144.045,4
spotify:track:4euAGZTszWPrriggYK0HG9,"Lay All Your Love On Me","Super Trouper","ABBA",1980,274466,80,false,,2024-01-02T10:32:28Z,"","Polar Music International AB",0.678,0.727,2,-7.844,0,0.0258,0.117,0.00396,0.354,0.71,133.481,4
spotify:track:2yLE4fvbroJS8JNa3YA6ZB,"How Villains Are Made","Talking to Myself","Madalen Duke",2020-11-06,206595,51,false,,2024-01-02T10:19:18Z,"","FRTYFVE",0.357,0.366,4,-10.732,0,0.0305,0.719,0.000197,0.0807,0.262,80.229,4
spotify:track:6CkverLjDqYbrbE42xug1i,"And so It Begins","And so It Begins","Klergy",2020-02-03,208000,49,false,,2024-01-02T10:05:46Z,"","Klergy",0.539,0.38,9,-10.621,1,0.0362,0.793,0.101,0.0948,0.0514,144.021,4
spotify:track:7orWirnDZPWG0y4k7Zc2iN,"SHERlocked","Sherlock: Music From Series 2 (Original Television Soundtrack)","David Arnold & Michael Price",2012-05-08,224186,0,false,,2023-12-31T16:38:40Z,"","Silva Screen Records",0.167,0.127,9,-21.388,0,0.0402,0.807,0.891,0.136,0.0387,129.013,3
spotify:track:02gc9RVtOiGnNDSqDO0mrT,"The Woman","Sherlock: Music From Series 2 (Original Television Soundtrack)","David Arnold & Michael Price",2012-05-08,151493,0,false,,2023-12-31T16:37:10Z,"","Silva Screen Records",0.366,0.1,9,-21.925,0,0.0379,0.895,0.947,0.108,0.097,122.042,3
spotify:track:7ztSUfpzB1CJ2YdLaanoMk,"Number Systems","Sherlock (Soundtrack from the TV Series)","David Arnold & Michael Price",2012-03-13,181706,0,false,,2023-12-31T16:21:11Z,"","Silva Screen Records",0.319,0.262,0,-19.485,1,0.0402,0.0676,0.92,0.241,0.0485,119.95,4
spotify:track:6AoQsgRnt1cVz1jLBVo9AY,"Library Books","Sherlock (Soundtrack from the TV Series)","David Arnold & Michael Price",2012-03-13,199080,0,false,,2023-12-31T16:02:58Z,"","Silva Screen Records",0.395,0.24,0,-23.613,1,0.0426,0.189,0.698,0.0733,0.069,119.95,4
spotify:track:4aPkUJj38H8ld4nJrq2prk,"Which Bottle?","Sherlock (Soundtrack from the TV Series)","David Arnold & Michael Price",2012-03-13,131666,0,false,,2023-12-31T15:53:24Z,"","Silva Screen Records",0.181,0.266,0,-23.588,1,0.0543,0.202,0.888,0.0718,0.0419,78.775,5
spotify:track:2hyR75AnLlxcBbIrt8Q05f,"Pink","Sherlock (Soundtrack from the TV Series)","David Arnold & Michael Price",2012-03-13,227373,0,false,,2023-12-31T15:43:54Z,"","Silva Screen Records",0.222,0.0617,0,-23.637,0,0.0397,0.911,0.9,0.119,0.0766,117.805,4
spotify:track:6RcgPZ49rLWNqHiEFEmKNZ,"The Game is On","Sherlock (Soundtrack from the TV Series)","David Arnold & Michael Price",2012-03-13,220826,0,false,,2023-12-31T15:36:10Z,"","Silva Screen Records",0.471,0.302,0,-19.293,1,0.0337,0.071,0.755,0.113,0.0366,119.916,4
spotify:track:7zKskM3yQ3PY08FOPOMECp,"Cello Concerto No. 2, Op. 77: I. Molto sostenuto - Allegro molto e energico","Kabalevsky: Violin Concerto & Cello Concerto","Dmitry Kabalevsky;Bryden Thomson;London Philharmonic Orchestra;Raphael Wallfisch",2002-09-01,808533,0,false,,2023-12-31T15:03:56Z,"concerto,orchestral,classical,opera,baroque,chamber music","Chandos",0.196,0.0519,7,-23.873,1,0.0423,0.931,0.859,0.478,0.0369,89.425,4
spotify:track:2O9WuUWa6MVsAlIdfPybNj,"Violin Concerto, Op. 48: III. Vivace giocoso","Kabalevsky: Violin Concerto & Cello Concerto","Dmitry Kabalevsky;Neeme Järvi;Royal Scottish National Orchestra;Lydia Mordkovitch",2002-09-01,344000,0,false,,2023-12-31T14:57:12Z,"concerto,ballet,classical,orchestral,impressionism,chamber music","Chandos",0.363,0.247,9,-17.961,0,0.0547,0.908,0.23,0.063,0.342,89.895,4
spotify:track:2LKbGKk5fP7G1lc07WMulC,"Sonata for Violin & Guitar in A Minor, Op. 3 No. 4, MS 27: II. Allegretto motteggiando","Paganini: Sonatas for Violin & Guitar","Niccolò Paganini;Fabio Biondi;Giangiacomo Pinardi",2018-06-22,92453,0,false,,2023-12-31T14:08:25Z,"classical,baroque,concerto,chamber music","Glossa",0.466,0.136,9,-18.998,0,0.0417,0.969,0.441,0.108,0.793,149.43,4
spotify:track:2B6dbQ9zZeULo0980unCQm,"Appassionata (1st Movement)","Appassionata","Ludwig van Beethoven;Calyxis",2020,530721,0,false,,2023-12-31T12:56:36Z,"classical,classical piano,chamber music","Independent",0.326,0.0596,5,-27.841,0,0.0344,0.948,0.869,0.13,0.0399,179.048,3
spotify:track:1RWkshf4MrQ4GBtQSLay1h,"Souvenir d'un lieu cher, Op. 42 (Arr. Lascae for Violin & String Orchestra): II. Scherzo","Tchaikovsky: Violin Concerto & Souvenir, Op. 42","Pyotr Ilyich Tchaikovsky;Janine Jansen;Mahler Chamber Orchestra;Daniel Harding",2008-01-01,211733,23,false,,2023-12-28T17:35:52Z,"ballet,classical,orchestral,concerto,chamber music,baroque,opera","Decca Music Group Ltd.",0.433,0.181,0,-21.663,0,0.038,0.914,0.159,0.0823,0.496,96.637,4
spotify:track:54ipXppHLA8U4yqpOFTUhr,"Bones","Mercury - Acts 1 & 2","Imagine Dragons",2022-07-01,165264,80,false,,2023-12-28T16:28:59Z,"","Kid Ina Korner / Interscope",0.772,0.75,5,-3.67,0,0.0455,0.0201,0,0.074,0.587,114.061,4
spotify:track:3FAclTFfvUuQYnEsptbK8w,"Back To Black","Back To Black (Deluxe Edition)","Amy Winehouse",2006,241293,80,true,,2023-12-28T15:48:33Z,"","Universal-Island Records Ltd.",0.434,0.422,7,-13.964,0,0.0375,0.134,0.0000205,0.0861,0.377,123.201,4
spotify:track:3CIyK1V4JEJkg02E4EJnDl,"Enemy (with JID) - from the series Arcane League of Legends","Mercury - Acts 1 & 2","Imagine Dragons;JID;Arcane;League of Legends",2022-07-01,173381,79,false,,2023-12-28T15:44:29Z,"score","Kid Ina Korner / Interscope",0.728,0.783,11,-4.424,0,0.266,0.237,0,0.434,0.555,77.011,4
spotify:track:6s9LhJVqxnTjmUJHOeawnU,"City Of Stars - From ""La La Land"" Soundtrack","La La Land (Original Motion Picture Soundtrack)","Ryan Gosling;Emma Stone",2016-12-09,149706,0,false,,2023-12-27T12:25:25Z,"musicals","Universal Music Group",0.454,0.117,2,-15.121,0,0.0354,0.906,0,0.0888,0.428,97.692,4
spotify:track:6DPE8tGV9lzKALNnvuY9dS,"LA FINE","LA FINE","Måneskin",2022-12-16,200588,51,false,,2023-12-27T12:02:59Z,"","Epic",0.506,0.981,2,-2.228,1,0.0922,0.00118,0,0.129,0.572,112.447,4
spotify:track:71tM20RVoYqUUs9EDOso2v,"OWN MY MIND","RUSH!","Måneskin",2023-01-20,191856,64,false,,2023-12-27T11:57:45Z,"","Epic",0.684,0.759,1,-4.78,0,0.0259,0.000902,0.000179,0.0486,0.687,114.014,4
spotify:track:5P8LzctGucBj26sE78N7SP,"Belfast","The Ravishing Genius of Bones","Brian Finnegan",2010-09-12,303853,0,false,,2023-12-24T15:13:51Z,"celtic,traditional folk","Singing Tree",0.579,0.726,10,-7.018,0,0.0328,0.176,0.816,0.0876,0.792,124.04,4
spotify:track:0VxzXknxAYjvcUL0GfAExj,"Dolan's 6AM","How to Tune a Fish","Beoga",2011-07-26,215693,0,false,,2023-12-24T15:03:47Z,"celtic","Compass Records",0.665,0.736,11,-6.464,0,0.0421,0.0268,0.807,0.112,0.474,124.88,4
spotify:track:1Vk4yRsz0iBzDiZEoFMQyv,"Mia & Sebastian’s Theme","La La Land (Original Motion Picture Soundtrack)","Justin Hurwitz",2016-12-09,98040,70,false,,2023-12-24T14:12:20Z,"score","UMGRI Interscope",0.476,0.192,9,-15.753,1,0.064,0.976,0.928,0.119,0.114,116.542,3
spotify:track:1TA3V1IKLlUhBWoXtJRKku,"Valse du palais 2","Ataturk","Henri Seroka",1982,87653,38,false,,2023-12-23T10:28:21Z,"","Apus Productions",0.156,0.0646,1,-21.992,0,0.0433,0.9,0.265,0.0505,0.0629,172.034,3
spotify:track:4ZgSUqNzRPgFAIifdJAFtH,"Hora Martisorului - Live","New Year Concert 2016, Pt. 2","Katica Illényi;Budapest Strings",2016-11-03,221666,1,false,,2023-12-23T10:21:15Z,"tango,baroque,classical,concerto,chamber music","IKP",0.313,0.562,1,-8.515,0,0.0833,0.0284,0.0182,0.692,0.614,174.523,5
spotify:track:4O4pe3KUZUKtF1MSP3v4yS,"Paint It Black","Wednesday (Original Soundtrack from the Netflix Series)","Wednesday Addams",2023-07-21,145333,52,false,,2023-12-22T22:43:09Z,"","Lakeshore Records",0.631,0.273,5,-11.234,0,0.0327,0.905,0.941,0.0928,0.764,129.922,4
spotify:track:5ky71GXSi2Rt2sgmbVGuqK,"The Arena","Brave Enough (Deluxe Edition)","Lindsey Stirling",2016-08-19,232280,0,false,,2023-12-22T22:40:30Z,"classical crossover,christmas","WE LOVE MUSIC",0.413,0.671,4,-6.935,0,0.037,0.00737,0.113,0.0751,0.196,87.841,4
spotify:track:3vLa18ko8VtiSh32m6ceP5,"The Phantom of the Opera: Overture","The Phantom of the Opera: Overture","Prague Cello Quartet",2017-10-13,197400,46,false,,2023-12-22T10:53:43Z,"","PCQ, s.r.o.",0.322,0.439,2,-15.051,0,0.0352,0.893,0.938,0.142,0.639,160.224,4
spotify:track:0QHEIqNKsMoOY5urbzN48u,"Made You Look","Takin' It Back","Meghan Trainor",2022-10-21,134256,74,false,,2023-12-21T18:18:50Z,"","Epic",0.834,0.522,10,-3.574,1,0.0703,0.34,0.00000159,0.0783,0.854,145.035,4
spotify:track:6naxalmIoLFWR0siv8dnQQ,"Oops!...I Did It Again","Oops!... I Did It Again","Britney Spears",2000-05-16,211160,83,false,,2023-12-21T18:00:34Z,"pop","Jive",0.751,0.834,1,-5.444,0,0.0437,0.3,0.0000177,0.355,0.894,95.053,4
spotify:track:1QV6tiMFM6fSOKOGLMHYYg,"Poker Face","The Fame","Lady Gaga",2008-01-01,237200,85,true,,2023-12-21T17:57:20Z,"art pop,pop","Streamline/Interscope",0.851,0.806,4,-4.618,1,0.0787,0.119,0.00000172,0.121,0.774,119.001,4
spotify:track:6I9VzXrHxO9rA9A5euc8Ak,"Toxic","In The Zone","Britney Spears",2003-11-13,198800,86,false,,2023-12-21T17:52:45Z,"pop","Jive",0.774,0.838,5,-3.914,0,0.114,0.0249,0.025,0.242,0.924,143.04,4
spotify:track:0l0CvurVUrr2w3Jj1hOVFc,"NO","Thank You (Deluxe Version)","Meghan Trainor",2017-05-12,213506,79,false,,2023-12-21T17:48:10Z,"","Epic",0.557,0.803,1,-3.599,0,0.213,0.0124,0.00000161,0.737,0.657,92.134,4
spotify:track:3akNFeUIMhnXnT2ocwDIB5,"Jealousy - Tango","Tango Classic (Part Two)","Katica Illényi",2018-10-29,184525,0,false,,2023-12-21T17:35:53Z,"tango","IKP Music",0.325,0.291,2,-13.524,1,0.153,0.9,0.0285,0.906,0.481,86.61,4
spotify:track:1bndJWGTQmTVn4liLF0eFj,"Sei sonate M.S. 27 (op.3) per violino e chitarra / Sonata n.6 - In E Minor: Andante","Italian Masterpieces - Vivaldi / Paganini / Tartini","Niccolò Paganini;Gil Shaham;Göran Söllscher",2023-06-17,155666,0,false,,2023-12-21T17:25:29Z,"classical,concerto,chamber music,baroque","UME - Global Clearing House",0.207,0.109,4,-20.627,0,0.0459,0.769,0.284,0.429,0.15,81.891,4
spotify:track:6iOSaiNoR9l6IDUwQo5Cv9,"I Will Survive (feat. Tom Ellis & Skye Townsend)","Lucifer: Seasons 1-5 (Original Television Soundtrack)","Lucifer Cast;Skye Townsend;Tom Ellis",2020-08-21,118453,45,false,,2023-12-20T16:59:18Z,"","WaterTower Music",0.727,0.655,9,-7.294,1,0.0867,0.553,0,0.527,0.458,121.174,4
spotify:track:5dGfxuggrnlRWEeele8rsA,"Orchestral Suite No. 2 in B Minor, BWV 1067: VII. Badinerie","Bach, J.S.: The Brandenburg Concertos; Suites Nos.2 & 3","Johann Sebastian Bach;Berliner Philharmoniker;Herbert von Karajan",1965-01-01,84333,16,false,,2023-12-19T17:50:02Z,"baroque,classical,classical piano,concerto,early music,orchestral,ballet,opera,impressionism","Deutsche Grammophon (DG)",0.59,0.175,4,-24.347,0,0.0513,0.939,0.975,0.0947,0.712,122.706,4
spotify:track:5CkH1gAVbkhFCzxOgNtK0v,"Solfeggio No. 1 in C Minor, Wq. 117/2","C.P.E. Bach: The Complete Works for Piano Solo, Vol. 7","Carl Philipp Emanuel Bach;Ana-Marija Markovina",2014-04-29,58226,0,false,,2023-12-19T17:17:07Z,"classical,baroque,classical piano,chamber music","haenssler CLASSIC",0.276,0.197,5,-24.951,0,0.056,0.992,0.919,0.1,0.4,75.641,4
spotify:track:4ia12bEZiu5Z8yjFLeJJSK,"Les indes galantes / Act 9: IV.14 Danse des Sauvages - Live","Rameau: Une symphonie imaginaire","Jean-Philippe Rameau;Les Musiciens du Louvre;Marc Minkowski",2005-01-01,138000,42,false,,2023-12-18T22:13:56Z,"baroque,classical,classical piano,opera,early music","Archiv Produktion",0.56,0.394,6,-15.591,0,0.0304,0.773,0.912,0.104,0.828,104.16,4
spotify:track:6ky85T0AnTd2N83W2NocRi,"Le barbier de Séville Largo al factotum - Instrumental Version","Arthur Fiedler meets Boston Pops Orchestra","Arthur Fiedler;Boston Pops Orchestra",2018-10-22,263268,25,false,,2023-12-18T22:09:56Z,"classical,orchestral","Masterclassics",0.36,0.428,0,-12.436,1,0.0395,0.987,0.884,0.414,0.526,77.04,4
spotify:track:05D7swYTOlgIFqZsijI0CJ,"Symphony No. 7 in A major, Op. 92: III. Presto","Beethoven: Symphonies Nos. 4 and 7","Nicolaus Esterhazy Sinfonia",1997-03-18,571040,26,false,,2023-12-18T21:50:21Z,"classical,concerto,opera,baroque","Naxos",0.307,0.125,2,-19.083,1,0.0469,0.971,0.822,0.123,0.127,92.901,3
spotify:track:7koRVtjZ1Pm1oxryY4Jsfj,"Symphony No. 4 in A Major, Op. 90 ""Italian"": I. Allegro vivace","Mendelssohn: Symphonies Nos.4 ""Italian"" original and revised versions & 5 ""Reformation""","Felix Mendelssohn;Wiener Philharmoniker;John Eliot Gardiner",1998-01-01,613000,16,false,,2023-12-18T21:38:56Z,"chamber music,classical,classical piano,choral,concerto,opera,orchestral,baroque","Deutsche Grammophon (DG)",0.333,0.218,9,-20.674,1,0.0449,0.878,0.849,0.159,0.294,76.312,4
spotify:track:08iU133Fkgt09k1dMcaiKC,"Schubert: String Quartet No. 14 in D Minor, D. 810, ""Death and the Maiden"": II. Andante con moto. Variation I","Death and the Maiden","Franz Schubert;Quatuor Arod",2020-10-02,116973,21,false,,2023-12-18T21:34:10Z,"chamber music,classical,classical piano","Warner Classics",0.371,0.0857,7,-18.411,0,0.0683,0.946,0.072,0.225,0.222,78.007,4
spotify:track:6nqHzwOdGIaX57U6VU6kMO,"Symphony No. 9 in E Minor, Op. 95, B. 178 ""From the New World"": IV. Allegro con fuoco","Dvorák: Symphony No. 9 in E Minor, Op. 95, B. 178 ""From the New World"" / Smetana: The Moldau","Antonín Dvořák;Wiener Philharmoniker;Herbert von Karajan",1985-10-01,685000,58,false,,2023-12-17T23:13:43Z,"classical,chamber music,orchestral,opera,concerto","Deutsche Grammophon (DG)",0.236,0.163,4,-15.639,0,0.0348,0.901,0.737,0.124,0.114,141.518,4
spotify:track:4AIatGjGyVipeEAzCMTqOg,"Somebody Told Me","Chosen","Måneskin",2017-12-08,161040,63,false,,2023-12-16T23:04:15Z,"","RCA Records Label",0.614,0.867,2,-3.484,1,0.114,0.0231,0,0.0821,0.775,148.885,4
spotify:track:3OSBkT1q8dSQR7q5xJlR2p,"Suite in G Major, RCT 6: No. 14, Les sauvages - Arr. for Solo Cello - Nouvelles suites de pièces de clavecin","Cello 360","Jean-Philippe Rameau;Christian-Pierre La Marca",2020-11-27,146960,44,false,,2023-12-16T11:25:02Z,"baroque,classical,classical piano","Naïve, a label of Believe Group",0.409,0.272,6,-16.927,0,0.0389,0.942,0.892,0.0797,0.418,85.112,4
spotify:track:4RVg6FUOWkn0BlVA87kw8v,"Concerto in D Minor for Violin and Orchestra, Op. 47: III. Allegro ma non tanto","The Best Romantic Era Violin Music","State Symphony Capella of Russia;Ilya Grubert",2011-12-13,452360,1,false,,2023-12-11T21:22:47Z,"choral,concerto","X5 Music Group",0.434,0.158,2,-23.844,1,0.0452,0.746,0.737,0.11,0.161,112.54,3
spotify:track:7viCG9VuhGOpptalLJksDJ,"Sonata No. 3 in D Minor for Violin and Piano, Op. 108: II. Adagio","The Best Romantic Era Violin Music","Emmy Verhey;Youri Egorov",2011-12-13,277626,2,false,,2023-12-11T21:17:21Z,"classical,impressionism,classical piano","X5 Music Group",0.134,0.093,2,-20.939,1,0.0451,0.944,0.801,0.102,0.0474,85.656,3
spotify:track:7ipHx0jgei0eK8xn3xoKIL,"Debussy: Piano Trio in G Major, CD 5, L. 5: III. Andante espressivo","Debussy: Sonates & Trios","Claude Debussy;Renaud Capuçon;Edgar Moreau;Bertrand Chamayou",2017-11-03,227333,42,false,,2023-12-11T17:37:48Z,"impressionism,classical,classical piano,chamber music","Warner Classics",0.122,0.0963,0,-21.942,1,0.0375,0.962,0.666,0.166,0.133,83.662,4
spotify:track:0dJGzUEpcDWI7khENvwvY8,"Symphony No. 5 in E Minor, Op. 64, TH 29: III. Waltz. Allegro moderato","Tchaikovsky: Symphony No. 5 & The Storm","Pyotr Ilyich Tchaikovsky;Antoni Wit;Polish National Radio Symphony Orchestra",1993-10-11,343600,31,false,,2023-12-11T17:30:26Z,"ballet,classical,orchestral,contemporary classical","Naxos",0.217,0.166,9,-18.199,1,0.0403,0.965,0.933,0.283,0.186,147.141,3
spotify:track:45Y3eTnHKwFTWF3negmUYO,"3 Etudes Opus 104b: No. 1 in B-Flat Minor","Mendelssohn: Piano Pieces","Felix Mendelssohn;Bertrand Chamayou",2008-05-06,132733,42,false,,2023-12-10T22:12:25Z,"chamber music,classical,classical piano,choral,concerto,impressionism","naïve classique",0.328,0.0554,10,-23.954,0,0.033,0.989,0.929,0.102,0.0786,52.497,4
spotify:track:1NJH7ZNP1hFc5gAYD8S0gf,"Carmen Suite No. 1 (Arr. E. Guiraud): I. Prélude","Bizet: Carmen & L'arlésienne Suites","Georges Bizet;Orquestra Simfònica de Barcelona i Nacional de Catalunya;Pablo González",2017-10-13,88640,0,false,,2023-12-10T21:58:28Z,"opera,classical,orchestral","Naxos",0.173,0.117,0,-25.018,0,0.0451,0.974,0.842,0.0667,0.0361,121.544,5
spotify:track:2jCMomN1jo4Pgg9VvhMFHi,"Souvenir d'un lieu cher, Op. 42 (Arr. Lascae for Violin & String Orchestra): I. Méditation","Tchaikovsky: Violin Concerto & Souvenir, Op. 42","Pyotr Ilyich Tchaikovsky;Janine Jansen;Mahler Chamber Orchestra;Daniel Harding",2008-01-01,589480,26,false,,2023-12-10T21:41:11Z,"ballet,classical,orchestral,concerto,chamber music,baroque,opera","Decca Music Group Ltd.",0.238,0.083,10,-24.063,1,0.0519,0.926,0.0118,0.137,0.0398,113.803,3
spotify:track:3idslj1RLIQkej1FemcW50,"Carmen Fantasy for Violin and Orchestra, Op. 25","The Best Romantic Era Violin Music","SWR Symphony Orchestra;Ion Tanase",2011-12-13,802000,13,false,,2023-12-09T22:47:04Z,"opera,classical,musique concrète,orchestral","X5 Music Group",0.38,0.189,2,-19.479,1,0.0504,0.757,0.538,0.235,0.221,157.499,3
spotify:track:2LdlIrnHPf56F9OUzlnB6t,"Concerto in A Minor for Violin and Orchestra, Op. 82: I. Moderato","The Best Romantic Era Violin Music","Jascha Heifetz",2011-12-13,263476,2,false,,2023-12-09T22:16:02Z,"concerto,classical,chamber music","X5 Music Group",0.242,0.174,5,-19.135,1,0.0407,0.918,0.361,0.101,0.109,134.998,3
spotify:track:3ZYrUirkEmLAmlv0obADTm,"Fantasy in C Major for Violin and Orchestra, Op. 131","The Best Romantic Era Violin Music","Igor Oistrakh",2011-12-13,935306,3,false,,2023-12-09T21:36:32Z,"concerto,classical,baroque","X5 Music Group",0.285,0.251,0,-14.846,1,0.0402,0.927,0.0112,0.387,0.229,95.475,3
spotify:track:1UAXYzl2H7rOGJ7lEqyTfE,"Nocturne in C Minor, Op. Posth.","The Best Romantic Era Violin Music","Danica Moziova;Aladar Mozi",2011-12-13,232933,25,false,,2023-12-09T19:34:19Z,"","X5 Music Group",0.148,0.204,2,-16.739,1,0.043,0.855,0.299,0.0671,0.0912,172.154,3
spotify:track:5MCwR8KFLBKgeQHrfFho3e,"Concerto No. 1 in D Major for Violin and Orchestra, Op. 6: III. Rondo: Allegro spiritoso","The Best Romantic Era Violin Music","Hermitage Museum Orchestra;Ilya Ioff",2011-12-13,566466,4,false,,2023-12-09T19:24:52Z,"","X5 Music Group",0.477,0.0799,2,-23.126,1,0.0409,0.918,0.477,0.0488,0.371,108.184,4
spotify:track:0pO9wyn6SxlWyfAh4a0n4W,"Alt-Wiener Tanzweisen (Old Viennese Melodies): II. Liebesleid (Love's Sorrow)","The Best Romantic Era Violin Music","Pavel Eret;Daniel Weisner",2011-12-13,191880,5,false,,2023-12-09T19:16:23Z,"classical piano","X5 Music Group",0.333,0.0728,9,-18.067,0,0.0628,0.993,0.326,0.22,0.144,172.656,3
spotify:track:4Pk1KXtkFTJNKLqwHhD3Zn,"Main Titles (Fantastic Beasts and Where to Find Them)","Fantastic Beasts and Where to Find Them (Original Motion Picture Soundtrack)","James Newton Howard",2016-11-18,174722,45,false,,2023-12-08T13:10:30Z,"soundtrack,score","WaterTower Music",0.329,0.296,0,-16.47,1,0.0491,0.462,0.713,0.0944,0.0375,80.081,3
spotify:track:6ijP8nX229lru6paMOhwFr,"Tina Takes Newt In / Macusa Headquarters","Fantastic Beasts and Where to Find Them (Original Motion Picture Soundtrack)","James Newton Howard",2016-11-18,116189,44,false,,2023-12-08T12:22:34Z,"soundtrack,score","WaterTower Music",0.32,0.253,2,-18.956,0,0.0463,0.842,0.641,0.121,0.169,170.534,3
spotify:track:1Ojz92vyPK4fJ5K8RVnV5u,"The Four Seasons: Concerto No. 2 in G Minor, RV 315 ""L'estate"" (summer): III. Presto","Vivaldi: The Four Seasons • Concertos for Bassoon & Violin 'in tromba marina'","Antonio Vivaldi;Adrian Chandler;La Serenissima",2015-09-04,167880,64,false,,2023-12-08T12:11:16Z,"baroque,classical,concerto,early music","AVIE Records",0.34,0.489,7,-15.316,1,0.0412,0.83,0.91,0.141,0.468,157.024,3
spotify:track:4Oih3RDrSFg3afaOphBVuy,"What Could Have Been feat. Ray Chen (from the series Arcane League of Legends)","Arcane League of Legends (Soundtrack from the Animated Series)","Sting;Ray Chen",2021-11-20,213474,0,false,,2023-12-08T11:11:36Z,"soft rock","Riot Games",0.417,0.288,5,-8.896,0,0.0391,0.579,0.000968,0.0795,0.158,110.251,3
spotify:track:4mKlzy0qaK1c2Qw5e2VqpF,"Killer Queen","Greatest Hits","Queen",1981-10-26,180066,1,false,,2023-12-08T11:04:54Z,"classic rock,rock,glam rock","Hollywood Records",0.564,0.56,10,-9.797,1,0.0423,0.339,0,0.0781,0.58,117.17,4
spotify:track:6D2tOVX5MMl8jNVkwsFaWg,"Let's Get It Started","Chosen","Måneskin",2017-12-08,146813,59,false,,2023-12-07T21:44:00Z,"","RCA Records Label",0.831,0.76,6,-4.184,1,0.0807,0.167,0,0.0871,0.865,113.969,4
spotify:track:7kwCAXd0GeQvWvfTgCjaNX,"Die Hochzeit des Figaro, K. 492, 3. Akt: Canzonetta sull aria… Che soave zeffiretto (Die Verurteilten): Sinfonia","Mozart: Nozze Di Figaro (Le) (The Marriage of Figaro)","Wolfgang Amadeus Mozart;Marina Mescheriakova;Judith Halász;Michelle Breedt;Orsolya Safar;Gabriele Sima;Alexander Klinger;Michael Roider;Bo Skovhus;Peter Koves",2004-05-08,244560,60,false,,2023-12-07T17:40:41Z,"classical,opera,classical piano,chamber music,concerto","Naxos",0.313,0.144,2,-17.316,1,0.0368,0.944,0.92,0.181,0.303,145.162,4
spotify:track:4EcynoPMvwizfgxLZHy1Tp,"Violin Concerto No. 5 in A Major, K. 219 ""Turkish"": III. Rondeau. Tempo di Menuetto","Mozart: Violin Concertos 3, 4 & 5","Wolfgang Amadeus Mozart;Arabella Steinbacher;Daniel Dodds;Lucerne Festival Strings",2014-05-01,561120,27,false,,2023-12-07T17:32:46Z,"classical,opera,classical piano,chamber music,concerto","Pentatone",0.429,0.123,9,-18.09,1,0.047,0.976,0.0804,0.0524,0.292,118.442,3
spotify:track:4liHSrH9MYDsPNPgFQCRFe,"Violin Concerto No. 5 in A Major, K. 219 ""Turkish"": I. Allegro aperto","Mozart: Violin Concertos 3, 4 & 5","Wolfgang Amadeus Mozart;Arabella Steinbacher;Lucerne Festival Strings;Daniel Dodds",2014-05-01,637092,29,false,,2023-12-07T17:11:41Z,"classical,opera,classical piano,chamber music,concerto","Pentatone",0.429,0.118,9,-19.835,1,0.0433,0.962,0.635,0.114,0.305,120.949,4
spotify:track:0ROMalDdNg3L2HoZP4qFyJ,"The Four Seasons: Concerto No. 4 in F Minor, RV 297 ""L'inverno"" (winter): I. Allegro non molto","Vivaldi: The Four Seasons • Concertos for Bassoon & Violin 'in tromba marina'","Antonio Vivaldi;Adrian Chandler;La Serenissima",2015-09-04,201853,62,false,,2023-12-05T12:52:46Z,"baroque,classical,concerto,early music","AVIE Records",0.4,0.247,5,-18.249,0,0.0423,0.818,0.64,0.119,0.394,162.078,4
spotify:track:23FTbX8itC4H9SxYiUFP3v,"Violin Sonata No. 22 in A Major, K. 305: I. Allegro di molto","Mozart: Violin Concertos Nos. 3, 4 & Violin Sonata No. 22","Wolfgang Amadeus Mozart;Ray Chen;Christoph Eschenbach",2014-01-13,310872,41,false,,2023-12-03T22:26:52Z,"classical,opera,classical piano,chamber music,concerto","Sony Classical",0.43,0.103,4,-23.738,1,0.0514,0.973,0.673,0.141,0.63,152.591,4
spotify:track:4i3AfdygCIDJ5A1nb9mEPj,"Violin Sonata in G Minor, ""Devil's Trill"": III. Allegro assai","Virtuoso","Giuseppe Tartini;Ray Chen;Noreen Polera",2011-01-17,454666,41,false,,2023-12-02T18:41:08Z,"baroque,classical","Sony Classical",0.283,0.1,7,-17.983,0,0.0451,0.967,0.0294,0.19,0.0961,75.409,1
spotify:track:48IMWCI3FQ6tCTmRrGdPwj,"6 Violin Sonatas, Op. 10b No. 1 in F Major, J. 99: II. Romanza. Larghetto","6 Violin Sonatas, Op. 10b","Carl Maria von Weber;Frederieke Saeijs;Nino Gvetadze",2016-08-12,115066,0,false,,2022-12-19T21:07:42Z,"opera,classical,classical piano","Naxos",0.216,0.0139,10,-28.092,1,0.0468,0.989,0.411,0.236,0.0504,83.166,3
spotify:track:0SzyJl3ZmDJIzDK4rZfGCc,"Violin Concerto No. 4 in D Major, K. 218: I. Allegro","Mozart: Violin Concertos Nos. 3, 4 & Violin Sonata No. 22","Wolfgang Amadeus Mozart;Ray Chen;Christoph Eschenbach;Schleswig-Holstein Music Festival Orchestra",2014-01-13,541414,17,false,,2022-12-16T21:48:13Z,"classical,opera,classical piano,chamber music,concerto","Sony Classical",0.437,0.117,2,-21.506,1,0.0448,0.933,0.709,0.0621,0.419,124.727,4
spotify:track:46kZMshDmqUlXSuExg6ZgH,"The City of Chicago","Ride On","Christy Moore",1984,138373,39,false,,2022-12-14T20:54:33Z,"celtic,celtic rock","Rhino",0.632,0.12,4,-18.291,0,0.0296,0.767,0,0.0959,0.415,99.292,4
spotify:track:7L3FVocaOV7R9t9psYF7pr,"A New Satiesfaction (Gymnopédie No. 1)","The Golden Age","Erik Satie;Stephan Koncz;Ray Chen;Made in Berlin",2018-06-01,271919,21,false,,2022-12-07T19:43:17Z,"impressionism,classical,classical piano,chamber music","Decca Music Group Ltd.",0.242,0.11,7,-16.78,1,0.0536,0.917,0.328,0.181,0.138,174.359,3
spotify:track:7tBK9HQvjAjymDIFMVIaDb,"2 Mazurkas, Op. 19: No. 1, Obertass","Wieniawski / Sarasate: Violin Showpieces","Henryk Wieniawski;James Ehnes;Eduard Laurel",2000-01-01,128440,0,false,,2022-12-06T22:02:51Z,"concerto,chamber music,classical,ballet","CBC",0.42,0.104,7,-18.773,1,0.0485,0.937,0.0169,0.101,0.164,83.358,4
spotify:track:6M7rd9b5TCwYKyVJZHk2tK,"The Four Seasons, Violin Concerto No. 1 in E Major, RV 269 ""Spring"": I. Allegro","Vivaldi: The Four Seasons","Antonio Vivaldi;Francisco Fullana;Apollo's Fire;Jeannette Sorrell",2021-10-22,217186,6,false,,2022-07-10T21:01:26Z,"baroque,classical,concerto,early music,choral,renaissance","AVIE Records",0.336,0.194,4,-14.807,1,0.0421,0.894,0.891,0.191,0.196,102.43,4
spotify:track:15n4geIHCJecgYTZCwCuvg,"The Four Seasons, Summer, Violin Concerto in G Minor, RV 315, Op. 8 No. 2: I. Allegro non molto – Allegro","Vivaldi: The Four Seasons","Antonio Vivaldi;Christian Li;Melbourne Symphony Orchestra",2021-08-20,365893,11,false,,2022-07-10T21:01:23Z,"baroque,classical,concerto,early music,orchestral","Decca Music Group Ltd.",0.251,0.2,7,-16.707,0,0.0458,0.734,0.281,0.0883,0.124,146.453,3
spotify:track:0v7OMcWBzhRzTs1JREmxjR,"La ronde des Lutins, Scherzo fantastique, Op. 25","Bazzini: La ronde des Lutins","Antonio Bazzini;Christian Li;Timothy Young",2020-03-20,312946,19,false,,2022-07-10T21:01:20Z,"","Decca Music Group Ltd.",0.638,0.46,7,-15.209,1,0.0376,0.925,0.622,0.242,0.84,97.959,4
spotify:track:4bh44GyqgSpyhWth4TvYt2,"The Four Seasons, Spring, Violin Concerto in E Major, RV 269, Op. 8 No. 1: II. Largo e pianissimo sempre","Vivaldi: The Four Seasons","Antonio Vivaldi;Christian Li;Melbourne Symphony Orchestra",2021-08-20,154813,8,false,,2022-07-10T21:01:19Z,"baroque,classical,concerto,early music,orchestral","Decca Music Group Ltd.",0.219,0.0473,1,-25.268,0,0.0414,0.957,0.99,0.157,0.0618,93.848,3
spotify:track:5wZHVx68KptGvsfdYxfjF0,"The Four Seasons, Autumn, Violin Concerto in F Major, RV 293, Op. 8 No. 3: I. Allegro","The Four Seasons, Violin Concerto No. 3 in F Major, RV 293 ""Autumn"": I. Allegro","Antonio Vivaldi;Christian Li;Melbourne Symphony Orchestra",2021-08-06,309506,1,false,,2022-07-10T21:01:18Z,"baroque,classical,concerto,early music,orchestral","Decca Music Group Ltd.",0.397,0.208,5,-16.546,1,0.0465,0.902,0.828,0.186,0.202,127.307,4
spotify:track:5H72xIg6n2p6kN2PNDHawR,"The Four Seasons, Winter, Violin Concerto in F Minor, RV 297, Op. 8 No. 4: II. Largo","The Four Seasons, Violin Concerto No. 4 in F Minor, RV 297 ""Winter"": II. Largo","Antonio Vivaldi;Christian Li;Melbourne Symphony Orchestra",2021-07-30,129412,10,false,,2022-07-10T21:00:40Z,"baroque,classical,concerto,early music,orchestral","Decca Music Group Ltd.",0.208,0.179,10,-20.787,1,0.0394,0.703,0.0177,0.155,0.267,140.524,4
spotify:track:1HhNoOuqm1a5MXYEgAFl8o,"Enemy (with JID) - from the series Arcane League of Legends","Mercury - Act 1","Imagine Dragons;JID;Arcane;League of Legends",2021-09-03,173381,1,false,,2022-07-01T12:10:37Z,"score","KIDinaKORNER/Interscope Records",0.728,0.783,11,-4.424,0,0.266,0.237,0,0.434,0.555,77.011,4
spotify:track:6kVTLUu5EPYslgwQIT0lT0,"Partita for Violin No. 3 in E Major, BWV 1006: III. Gavotte en Rondeau","Bach: Sonatas and Partitas, BWV 1001 - BWV 1006","Johann Sebastian Bach;Gil Shaham",2015-03-04,174413,6,false,,2022-06-25T19:22:35Z,"baroque,classical,classical piano,concerto,early music,chamber music","Canary Classics",0.473,0.155,4,-13.205,1,0.0492,0.977,0.0276,0.268,0.935,78.844,4
